0.5,1.1,15,4,0.3,30,251,3,0.7,251,NA,20,NA,0:04:28.023684,NA,x0hzt4d11imyzgxfpn1jaxyivdyt65z2xgvm3ndpmo,NA,0,16,14,6,69,NA,NA,NA,NA,NA,NA,NA,NA,-25.3291580724,NA,NA
0.5,1.1,15,4,0.3,30,252,3,0.7,252,NA,23,NA,0:03:06.179690,NA,1o14imachd2cc2b8m61lvkhz3lcy9bot6ur3x7scvl1u,NA,0,17,13,10,65,NA,NA,NA,NA,NA,NA,NA,NA,-22.9707083787,NA,NA
0.5,1.1,15,4,0.3,30,253,3,0.7,253,NA,23,NA,0:02:28.482021,NA,1sl3dj1kig8fnmvqtjla9a4tutulk3uvd8vp60992qyu,NA,0,17,13,10,65,NA,NA,NA,NA,NA,NA,NA,NA,-26.7595920697,NA,NA
0.5,1.1,15,4,0.3,30,254,3,0.7,254,NA,20,NA,0:02:27.830397,NA,1m8e1djjm0dj6zr8xvv7yvzagdft08yrfiyc8p9wk9s6,NA,1,17,13,7,68,NA,NA,NA,NA,NA,NA,NA,NA,-26.2608108701,NA,NA
0.5,1.1,15,4,0.3,30,255,3,0.7,255,NA,17,NA,0:02:44.072799,NA,j8ezm7newqxkhxtdx5jvbn1wkx6fykzehpgbgsoyfs,NA,0,20,10,7,68,NA,NA,NA,NA,NA,NA,NA,NA,-23.9177007549,NA,NA
0.5,1.1,15,4,0.3,30,256,3,0.7,256,NA,18,NA,0:04:25.051120,NA,1o3esarnbfl8fbfmmb6sl89grd2a6p907spsjfe7qzwg,NA,0,17,13,5,70,NA,NA,NA,NA,NA,NA,NA,NA,-25.8814597446,NA,NA
0.5,1.1,15,4,0.3,30,257,3,0.7,257,NA,17,NA,0:04:10.820526,NA,t6kwzldqcsvtzrnmfbsqgp1etrpsnkj0mftfsjmk6j2,NA,0,19,11,6,69,NA,NA,NA,NA,NA,NA,NA,NA,-27.7326146538,NA,NA
0.5,1.1,15,4,0.3,30,258,3,0.7,258,NA,10,NA,0:02:28.262394,NA,1m8e116ctdj72739rimsjx0utyc6xgpvphy962g2t4x2,NA,0,23,7,3,72,NA,NA,NA,NA,NA,NA,NA,NA,-22.5753743791,NA,NA
0.5,1.1,15,4,0.3,30,259,3,0.7,259,NA,18,NA,0:03:05.838490,NA,f11nr87scy516fgksdy2xd696fpgljwq96ukyrefjtc,NA,0,19,11,7,68,NA,NA,NA,NA,NA,NA,NA,NA,-26.0936338528,NA,NA
0.5,1.1,15,4,0.3,30,260,3,0.7,260,NA,18,NA,0:02:49.667869,NA,goavp348jmaou4q7ir4w7j6vb08pz0bluxtlwlz7ls,NA,0,18,12,6,69,NA,NA,NA,NA,NA,NA,NA,NA,-25.8752546869,NA,NA
0.5,1.1,15,4,0.3,30,261,3,0.7,261,NA,25,NA,0:02:13.178359,NA,t4tgnkxbh4a392kfb3406olwz2e5ydwiwvw1hlhzcp2,NA,0,15,15,10,65,NA,NA,NA,NA,NA,NA,NA,NA,-25.0642253686,NA,NA
0.5,1.1,15,4,0.3,30,262,3,0.7,262,NA,19,NA,0:04:28.005552,NA,2fbwvbfzrqfmdp8k5i0kvy348xa6sqou9f0gszqq7g9a,NA,1,14,16,3,72,NA,NA,NA,NA,NA,NA,NA,NA,-23.7968330282,NA,NA
0.5,1.1,15,4,0.3,30,263,3,0.7,263,NA,11,NA,0:02:17.529869,NA,2fcfv2c2ejh31nk8nhf1jy5el0skn5nz9s6rrz2pdgda,NA,0,21,9,2,73,NA,NA,NA,NA,NA,NA,NA,NA,-27.787554058,NA,NA
0.5,1.1,15,4,0.3,30,264,3,0.7,264,NA,22,NA,0:03:15.697429,NA,3p1uodz67ffte4o3awp00veq6tq0ee0u4zfe7gyswss,NA,0,19,11,11,64,NA,NA,NA,NA,NA,NA,NA,NA,-27.1169269149,NA,NA
0.5,1.1,15,4,0.3,30,265,3,0.7,265,NA,16,NA,0:04:51.023863,NA,1morfe2sytqzazfa6sbjip2uj0yvtcup10ojoqvh9es2,NA,0,21,9,7,68,NA,NA,NA,NA,NA,NA,NA,NA,-29.3002559229,NA,NA
0.5,1.1,15,4,0.3,30,266,3,0.7,266,NA,24,NA,0:02:40.698710,NA,186jskeq1wfrcaim686rmotgsbc8r9icthulxnx4nepg,NA,1,15,15,9,66,NA,NA,NA,NA,NA,NA,NA,NA,-27.7778772829,NA,NA
0.5,1.1,15,4,0.3,30,267,3,0.7,267,NA,27,NA,0:03:38.309857,NA,ts8rbppgxmnb8l3z2dnyi9q7km54tdfvexybib8xu,NA,0,15,15,12,63,NA,NA,NA,NA,NA,NA,NA,NA,-27.9435149226,NA,NA
0.5,1.1,15,4,0.3,30,268,3,0.7,268,NA,21,NA,0:02:15.538815,NA,2izm7h04a2bn54zlda6xhul200yvr3gulq7es9ksoilo,NA,1,17,13,8,67,NA,NA,NA,NA,NA,NA,NA,NA,-25.0906920313,NA,NA
0.5,1.1,15,4,0.3,30,269,3,0.7,269,NA,19,NA,0:03:59.073636,NA,3w58kh07rjpeuvamww802rk77i5yndan9r2gyhclc2,NA,0,19,11,8,67,NA,NA,NA,NA,NA,NA,NA,NA,-25.6677337524,NA,NA
0.5,1.1,15,4,0.3,30,270,3,0.7,270,NA,22,NA,0:03:23.456861,NA,iyvtw5xim6kz7xbujmjjl0zwwxkmgasolv2vi34lcg,NA,0,17,13,9,66,NA,NA,NA,NA,NA,NA,NA,NA,-27.1173569549,NA,NA
0.5,1.1,15,4,0.3,30,271,3,0.7,271,NA,16,NA,0:04:53.622790,NA,t8dip0ei9iw88mkf3wacts7s1qptun2y0pmnmr4we84,NA,1,18,12,4,71,NA,NA,NA,NA,NA,NA,NA,NA,-24.4319447914,NA,NA
0.5,1.1,15,4,0.3,30,272,3,0.7,272,NA,15,NA,0:02:36.098192,NA,2nilb7xottcu3atz6psz66u8nek6v3uo54fpqtx2rz0m,NA,1,21,9,6,69,NA,NA,NA,NA,NA,NA,NA,NA,-26.6512491492,NA,NA
0.5,1.1,15,4,0.3,30,273,3,0.7,273,NA,17,NA,0:02:47.081949,NA,wqzjt3nvjpb2fi9s2koxux5ct0j7q1op2aqzzv42q0w,NA,0,19,11,6,69,NA,NA,NA,NA,NA,NA,NA,NA,-32.5846176552,NA,NA
0.5,1.1,15,4,0.3,30,274,3,0.7,274,NA,23,NA,0:02:24.252669,NA,4m0gfhstlk1ojqih2vgv47h9op9jwcc1x74hnm9wtfq,NA,1,16,14,9,66,NA,NA,NA,NA,NA,NA,NA,NA,-27.8626405246,NA,NA
0.5,1.1,15,4,0.3,30,275,3,0.7,275,NA,22,NA,0:02:08.850817,NA,4jr232tie30x8zk7z8glp37tb5wmnr41bohsvy3y9lk,NA,0,17,13,9,66,NA,NA,NA,NA,NA,NA,NA,NA,-27.2108184397,NA,NA
0.5,1.1,15,4,0.3,30,276,3,0.7,276,NA,17,NA,0:03:22.248440,NA,t40edegl1ma9xyvl0ix7weko8x2hzx3scmchwi3m3wk,NA,0,21,9,8,67,NA,NA,NA,NA,NA,NA,NA,NA,-27.7112988687,NA,NA
0.5,1.1,15,4,0.3,30,277,3,0.7,277,NA,16,NA,0:03:11.880721,NA,20s1zvcqx7dh0gi1330zhgazgbflbehxin58ua6i0zy8,NA,1,19,11,5,70,NA,NA,NA,NA,NA,NA,NA,NA,-28.791385639,NA,NA
0.5,1.1,15,4,0.3,30,278,3,0.7,278,NA,20,NA,0:02:38.037404,NA,2fc65f6i3ue248b6jo055pwouxcpmq07zxr2k1hf4rnm,NA,0,18,12,8,67,NA,NA,NA,NA,NA,NA,NA,NA,-30.5520448484,NA,NA
0.5,1.1,15,4,0.3,30,279,3,0.7,279,NA,15,NA,0:02:39.138108,NA,2fbf10p1dzi98u44cqondzz532tsiaqzko9pkzizi5mu,NA,0,19,11,4,71,NA,NA,NA,NA,NA,NA,NA,NA,-21.15476671,NA,NA
0.5,1.1,15,4,0.3,30,280,3,0.7,280,NA,17,NA,0:02:33.883660,NA,2fbwvbswar9f4194gktzeaz4i3gyybdmmfnus24u5pya,NA,0,19,11,6,69,NA,NA,NA,NA,NA,NA,NA,NA,-22.2988764205,NA,NA
0.5,1.1,15,4,0.3,30,281,3,0.7,281,NA,20,NA,0:02:35.304393,NA,g9kh8nquatzb43q1dhvrkeuo3o5owwiq20xouhz8e0y,NA,0,19,11,9,66,NA,NA,NA,NA,NA,NA,NA,NA,-31.7946468942,NA,NA
0.5,1.1,15,4,0.3,30,282,3,0.7,282,NA,12,NA,0:02:10.921954,NA,1o14hb9n2813mbvdz5xkrv6o0vw2n5dzghueusyhdr7y,NA,1,21,9,3,72,NA,NA,NA,NA,NA,NA,NA,NA,-22.3487431614,NA,NA
0.5,1.1,15,4,0.3,30,283,3,0.7,283,NA,18,NA,0:03:05.319378,NA,4k7zue321es2s7g6wc0sl48prhg0z43d8j1ze0f7tl6,NA,0,17,13,5,70,NA,NA,NA,NA,NA,NA,NA,NA,-28.8040587298,NA,NA
0.5,1.1,15,4,0.3,30,284,3,0.7,284,NA,15,NA,0:02:23.517121,NA,10egtrcxmur0ta13escxzgwvj4nglw41cfpf52dklq82,NA,0,20,10,5,70,NA,NA,NA,NA,NA,NA,NA,NA,-24.3739170612,NA,NA
0.5,1.1,15,4,0.3,30,285,3,0.7,285,NA,24,NA,0:02:43.789557,NA,2ffisxjb9s6rouc19xpp44e7mcgti5g8s8zmry8xh79c,NA,1,17,13,11,64,NA,NA,NA,NA,NA,NA,NA,NA,-24.7791145169,NA,NA
0.5,1.1,15,4,0.3,30,286,3,0.7,286,NA,15,NA,0:02:50.011416,NA,2cg12nwuzjo52lyndwvt7ck8qyxv646q4gcmbhoi71k,NA,1,20,10,5,70,NA,NA,NA,NA,NA,NA,NA,NA,-28.9780315918,NA,NA
0.5,1.1,15,4,0.3,30,287,3,0.7,287,NA,23,NA,0:02:44.342212,NA,1mmhy6wwu10n73q5io11f4rzsd1hymcwqv2hhgokxlog,NA,1,16,14,9,66,NA,NA,NA,NA,NA,NA,NA,NA,-27.163433909,NA,NA
0.5,1.1,15,4,0.3,30,288,3,0.7,288,NA,19,NA,0:02:39.036182,NA,2l9h70a28d11c83f91as55qv6ji54u9hmueehgtvb4sg,NA,1,19,11,8,67,NA,NA,NA,NA,NA,NA,NA,NA,-25.7345539047,NA,NA
0.5,1.1,15,4,0.3,30,289,3,0.7,289,NA,9,NA,0:02:35.228349,NA,2fdxyqu7aa91a6o105dmukj56felxvfsphjegwj9otgy,NA,0,23,7,2,73,NA,NA,NA,NA,NA,NA,NA,NA,-24.5309066891,NA,NA
0.5,1.1,15,4,0.3,30,290,3,0.7,290,NA,18,NA,0:03:49.202638,NA,1m9gm2h22qfec58oqxvsbbfgkpf5aoz8etd8ivlz63us,NA,0,20,10,8,67,NA,NA,NA,NA,NA,NA,NA,NA,-28.0536772326,NA,NA
0.5,1.1,15,4,0.3,30,291,3,0.7,291,NA,12,NA,0:02:11.180987,NA,9s8foivsfd28iciikcxooml6xyia9adwtymtyivpc,NA,0,21,9,3,72,NA,NA,NA,NA,NA,NA,NA,NA,-28.6334750347,NA,NA
0.5,1.1,15,4,0.3,30,292,3,0.7,292,NA,23,NA,0:03:11.211868,NA,3rbffdcvyvohtxuxeieyygr4t0oxem05uqruvd3gahc,NA,0,16,14,9,66,NA,NA,NA,NA,NA,NA,NA,NA,-23.0326320497,NA,NA
0.5,1.1,15,4,0.3,30,293,3,0.7,293,NA,19,NA,0:04:12.732566,NA,6nbkji10ttgjsive945u96spc6z0vp5zkpj0znyc,NA,1,17,13,6,69,NA,NA,NA,NA,NA,NA,NA,NA,-27.3641157546,NA,NA
0.5,1.1,15,4,0.3,30,294,3,0.7,294,NA,21,NA,0:02:38.607768,NA,t49qyqzuaritiqidi3qoqgve7zjb6aw9bkvlk700wle,NA,0,18,12,9,66,NA,NA,NA,NA,NA,NA,NA,NA,-29.6554739511,NA,NA
0.5,1.1,15,4,0.3,30,295,3,0.7,295,NA,14,NA,0:02:31.440980,NA,2fc6ougy2lndpq1exupn4mr4w0gbi6ytdw6fyhnqeb62,NA,0,22,8,6,69,NA,NA,NA,NA,NA,NA,NA,NA,-29.6022174723,NA,NA
0.5,1.1,15,4,0.3,30,296,3,0.7,296,NA,22,NA,0:02:38.515037,NA,3nha2zezti24oel8phss98zfo4um2l2gabf41onv82s,NA,1,17,13,9,66,NA,NA,NA,NA,NA,NA,NA,NA,-26.6618781401,NA,NA
0.5,1.1,15,4,0.3,30,297,3,0.7,297,NA,17,NA,0:02:19.034295,NA,2tvsw7vo5cem2wwda2skd2r6uu86h5cusgbr0xpp4hs0,NA,1,19,11,6,69,NA,NA,NA,NA,NA,NA,NA,NA,-24.610969666,NA,NA
0.5,1.1,15,4,0.3,30,298,3,0.7,298,NA,18,NA,0:03:11.598380,NA,3n47r6ijdkdu4gmp7kmu3qt4jntcormk5mrjtwi,NA,1,16,14,4,71,NA,NA,NA,NA,NA,NA,NA,NA,-24.9439119523,NA,NA
0.5,1.1,15,4,0.3,30,299,3,0.7,299,NA,12,NA,0:02:15.138320,NA,2fbojuqs0kzj5c5asm2y0zpjc11rlbfm72b0blx4omis,NA,0,21,9,3,72,NA,NA,NA,NA,NA,NA,NA,NA,-25.6827704307,NA,NA
0.5,1.1,15,4,0.3,30,300,3,0.7,300,NA,21,NA,0:02:51.130299,NA,ek59py0kd928lk56j5yyzyto8wyx3w563vmkx95spac,NA,0,19,11,10,65,NA,NA,NA,NA,NA,NA,NA,NA,-28.126220307,NA,NA
0.5,1.1,15,4,0.3,30,301,3,0.7,301,NA,25,NA,0:03:41.401735,NA,2mlkb1izuza1plkzgv5yzkud1dkstrbxwvgqjkp9xvcy,NA,1,16,14,11,64,NA,NA,NA,NA,NA,NA,NA,NA,-31.2531844585,NA,NA
0.5,1.1,15,4,0.3,30,302,3,0.7,302,NA,22,NA,0:03:53.733287,NA,1tibr7czkue6zglvc1xdbqx9hhdwdhdh1m7g6kbfvvgq,NA,1,16,14,8,67,NA,NA,NA,NA,NA,NA,NA,NA,-27.5376685999,NA,NA
0.5,1.1,15,4,0.3,30,303,3,0.7,303,NA,13,NA,0:02:56.424532,NA,2amzp1bsm1gly83x2rgg60xp8r8xhg29x4pn6iypszo,NA,0,22,8,5,70,NA,NA,NA,NA,NA,NA,NA,NA,-25.9674802425,NA,NA
0.5,1.1,15,4,0.3,30,304,3,0.7,304,NA,19,NA,0:03:07.669390,NA,1keiwbqui5dkk08wroan5y0si5iocauysuoxv6je9u,NA,0,18,12,7,68,NA,NA,NA,NA,NA,NA,NA,NA,-24.4034051189,NA,NA
0.5,1.1,15,4,0.3,30,305,3,0.7,305,NA,24,NA,0:03:38.609891,NA,16qivz9h1v5dzelflp34duvj9y3wa8h9no9m9vv28,NA,1,13,17,7,68,NA,NA,NA,NA,NA,NA,NA,NA,-24.1114410744,NA,NA
0.5,1.1,15,4,0.3,30,306,3,0.7,306,NA,23,NA,0:02:53.929753,NA,1m7nub9p9fmcrcgz1742p94k5w4dqsnwfoobr6o35yf6,NA,0,17,13,10,65,NA,NA,NA,NA,NA,NA,NA,NA,-29.1245350475,NA,NA
0.5,1.1,15,4,0.3,30,307,3,0.7,307,NA,26,NA,0:02:59.093018,NA,20s1x9s8i0qibwucn4pvej18f2h3yy0j78j6dhpph3q8,NA,0,17,13,13,62,NA,NA,NA,NA,NA,NA,NA,NA,-28.9922553593,NA,NA
0.5,1.1,15,4,0.3,30,308,3,0.7,308,NA,23,NA,0:02:18.990579,NA,2fbe5xe0s3mpyvjbt2nclk7ltz5elmy1vib9ggq7jkzk,NA,1,15,15,8,67,NA,NA,NA,NA,NA,NA,NA,NA,-25.58731406,NA,NA
0.5,1.1,15,4,0.3,30,309,3,0.7,309,NA,21,NA,0:02:35.309652,NA,1bqzsi8t4f15l93dbu49l5owiwb9cqfusoqbj4uth06a,NA,0,18,12,9,66,NA,NA,NA,NA,NA,NA,NA,NA,-28.1247345415,NA,NA
0.5,1.1,15,4,0.3,30,310,3,0.7,310,NA,18,NA,0:02:28.956354,NA,t6lpf4n3u33leksa1hqpxbx7lo441x56t95i0pooydc,NA,0,19,11,7,68,NA,NA,NA,NA,NA,NA,NA,NA,-26.6542075345,NA,NA
0.5,1.1,15,4,0.3,30,311,3,0.7,311,NA,18,NA,0:02:42.202492,NA,2ow3rvnelvd0d1x333txrutuosxejheu2560kxtu,NA,1,20,10,8,67,NA,NA,NA,NA,NA,NA,NA,NA,-27.0985219476,NA,NA
0.5,1.1,15,4,0.3,30,312,3,0.7,312,NA,26,NA,0:02:33.398766,NA,210hvtc4slgzdj62beeqjrnl4t4w7nn4ufgf0xwqu8e8,NA,1,15,15,11,64,NA,NA,NA,NA,NA,NA,NA,NA,-24.9456700042,NA,NA
0.5,1.1,15,4,0.3,30,313,3,0.7,313,NA,21,NA,0:03:23.597965,NA,2tvark6ao1i6c1x77c1w1uhf0noq8vqrsuch67hov6yo,NA,1,15,15,6,69,NA,NA,NA,NA,NA,NA,NA,NA,-30.5060647197,NA,NA
0.5,1.1,15,4,0.3,30,314,3,0.7,314,NA,22,NA,0:03:45.531132,NA,wz6js54dpgb9dvi1qlarx3t66725tkid4hncn5h1atc,NA,1,17,13,9,66,NA,NA,NA,NA,NA,NA,NA,NA,-28.7525384614,NA,NA
0.5,1.1,15,4,0.3,30,315,3,0.7,315,NA,16,NA,0:04:00.061209,NA,1pumx3vkdhgsmkqxp8oov587ke6g964d3ow6ycoi3uo2,NA,1,20,10,6,69,NA,NA,NA,NA,NA,NA,NA,NA,-25.5103180519,NA,NA
0.5,1.1,15,4,0.3,30,316,3,0.7,316,NA,17,NA,0:03:42.033928,NA,t41u1jfynzlbekp4ylvkkvjg7ermz5ur6twauol6r5u,NA,0,19,11,6,69,NA,NA,NA,NA,NA,NA,NA,NA,-27.230407025,NA,NA
0.5,1.1,15,4,0.3,30,317,3,0.7,317,NA,14,NA,0:04:14.956203,NA,17pi0vkztjy40o12zbygz8humgy7yjqi7er98houm,NA,1,20,10,4,71,NA,NA,NA,NA,NA,NA,NA,NA,-26.4785207367,NA,NA
0.5,1.1,15,4,0.3,30,318,3,0.7,318,NA,24,NA,0:02:58.732135,NA,2l91cz654l5psdiz26k44kgqt9y36iz8z9jiq9s2,NA,1,13,17,7,68,NA,NA,NA,NA,NA,NA,NA,NA,-25.5079805037,NA,NA
0.5,1.1,15,4,0.3,30,319,3,0.7,319,NA,22,NA,0:02:37.607209,NA,3ver00ded1fdpoil8hhhvaojr6fymxkkuw2ht2f22gw,NA,1,15,15,7,68,NA,NA,NA,NA,NA,NA,NA,NA,-27.1821525203,NA,NA
0.5,1.1,15,4,0.3,30,320,3,0.7,320,NA,20,NA,0:06:00.233271,NA,2fmekklq6oyi1t50n0ne03jb3rqzy3v1o09yhzul4xlw,NA,0,17,13,7,68,NA,NA,NA,NA,NA,NA,NA,NA,-26.5359565397,NA,NA
0.5,1.1,15,4,0.3,30,321,3,0.7,321,NA,13,NA,0:02:59.908216,NA,t4b1lhptink55nmt2mrc5j4yxr7h0kh1d74jeuwz8xw,NA,0,22,8,5,70,NA,NA,NA,NA,NA,NA,NA,NA,-27.411502107,NA,NA
0.5,1.1,15,4,0.3,30,322,3,0.7,322,NA,26,NA,0:02:22.250016,NA,2fdg4hodtrg7tfbrlys5a9zyzrq8gfi09a9q3nv2sjya,NA,0,14,16,10,65,NA,NA,NA,NA,NA,NA,NA,NA,-24.0366626867,NA,NA
0.5,1.1,15,4,0.3,30,323,3,0.7,323,NA,21,NA,0:02:29.226679,NA,1md06odhew7ypydozu37m9m2prma6nnr725z9s3kf3lw,NA,0,18,12,9,66,NA,NA,NA,NA,NA,NA,NA,NA,-27.4292615428,NA,NA
0.5,1.1,15,4,0.3,30,324,3,0.7,324,NA,11,NA,0:02:10.002142,NA,20san4qa00socjmum87ubt9hqdvwlmbm2vkm7hu2xp8g,NA,0,23,7,4,71,NA,NA,NA,NA,NA,NA,NA,NA,-26.8495652847,NA,NA
0.5,1.1,15,4,0.3,30,325,3,0.7,325,NA,23,NA,0:02:46.560517,NA,1m8e205ougkoz51wikmrueoxzm5qv6ck7z0vcacuxa82,NA,0,15,15,8,67,NA,NA,NA,NA,NA,NA,NA,NA,-29.2942773025,NA,NA
0.5,1.1,15,4,0.3,30,326,3,0.7,326,NA,22,NA,0:04:19.905233,NA,phbn957lnxr28rnlw5lv2uakq98abfrm9sl7ih9f11g,NA,0,19,11,11,64,NA,NA,NA,NA,NA,NA,NA,NA,-27.9552529071,NA,NA
0.5,1.1,15,4,0.3,30,327,3,0.7,327,NA,21,NA,0:02:39.995984,NA,1ms3hco7k223o7mvtuqolhajlsdpaeh6vjfpttoi17wm,NA,0,18,12,9,66,NA,NA,NA,NA,NA,NA,NA,NA,-26.498153005,NA,NA
0.5,1.1,15,4,0.3,30,328,3,0.7,328,NA,17,NA,0:02:58.390746,NA,28zqzec94851x3yxtkxyuaq80pgak5cddvakimsdwcgw,NA,0,20,10,7,68,NA,NA,NA,NA,NA,NA,NA,NA,-25.9848502655,NA,NA
0.5,1.1,15,4,0.3,30,329,3,0.7,329,NA,16,NA,0:02:44.887399,NA,2tvt27u5dgrb791e8xk2ve0xuyn74z4g58vz8wv54eio,NA,1,20,10,6,69,NA,NA,NA,NA,NA,NA,NA,NA,-21.8986315861,NA,NA
0.5,1.1,15,4,0.3,30,330,3,0.7,330,NA,18,NA,0:04:03.356055,NA,1m8elrssaeshz3txhe3l054ce71tpjvghzp1x7r6c3r4,NA,0,19,11,7,68,NA,NA,NA,NA,NA,NA,NA,NA,-26.1102586998,NA,NA
0.5,1.1,15,4,0.3,30,331,3,0.7,331,NA,15,NA,0:02:24.623363,NA,1m7vyyde70js3ys0dsl78r11kuyo1q08pz2gp9gvehou,NA,0,20,10,5,70,NA,NA,NA,NA,NA,NA,NA,NA,-28.5034100816,NA,NA
0.5,1.1,15,4,0.3,30,332,3,0.7,332,NA,20,NA,0:02:25.747824,NA,1n55w854m1z7w7i1luubcr9lfx4942pfmhlr73pniq6a,NA,0,17,13,7,68,NA,NA,NA,NA,NA,NA,NA,NA,-27.4233445992,NA,NA
0.5,1.1,15,4,0.3,30,333,3,0.7,333,NA,26,NA,0:04:18.112933,NA,2n4a8f9379m5898w3enmrq531okj4f5xpjvon3tp5h4w,NA,1,15,15,11,64,NA,NA,NA,NA,NA,NA,NA,NA,-28.3215394969,NA,NA
0.5,1.1,15,4,0.3,30,334,3,0.7,334,NA,18,NA,0:03:40.835907,NA,eweoct97ecywpkyzryno2u843kq69yz22r54cqbw7eo,NA,1,19,11,7,68,NA,NA,NA,NA,NA,NA,NA,NA,-28.6358049473,NA,NA
0.5,1.1,15,4,0.3,30,335,3,0.7,335,NA,21,NA,0:02:31.378560,NA,3ptb89xzbvuymr9gdaxn13592bax756klfg43k796h6,NA,1,16,14,7,68,NA,NA,NA,NA,NA,NA,NA,NA,-28.7212791518,NA,NA
0.5,1.1,15,4,0.3,30,336,3,0.7,336,NA,21,NA,0:03:52.158449,NA,yl6w0njui6hdjscpc8imw4px3mxlxrkyi4xxmubf9g,NA,0,18,12,9,66,NA,NA,NA,NA,NA,NA,NA,NA,-23.5286322842,NA,NA
0.5,1.1,15,4,0.3,30,337,3,0.7,337,NA,21,NA,0:02:22.846549,NA,ykwud0k3n0992ezfbxg4bbfb82cycfetny9az9qebq,NA,1,17,13,8,67,NA,NA,NA,NA,NA,NA,NA,NA,-26.455346333,NA,NA
0.5,1.1,15,4,0.3,30,338,3,0.7,338,NA,12,NA,0:02:38.344579,NA,2mu1a7a88xma7znplszlt6k9rh5abofimslp6woilo8y,NA,0,23,7,5,70,NA,NA,NA,NA,NA,NA,NA,NA,-23.5636297609,NA,NA
0.5,1.1,15,4,0.3,30,339,3,0.7,339,NA,21,NA,0:02:10.871726,NA,eu4dglx7rffohhc4039ycl43nikurwijdhj465803ya,NA,0,18,12,9,66,NA,NA,NA,NA,NA,NA,NA,NA,-25.3141533934,NA,NA
0.5,1.1,15,4,0.3,30,340,3,0.7,340,NA,31,NA,0:03:48.322097,NA,3741ka896dsv3cwp1p9aiaubqpzrwq3t36ig9ezsrh8,NA,0,14,16,15,60,NA,NA,NA,NA,NA,NA,NA,NA,-30.7712199252,NA,NA
0.5,1.1,15,4,0.3,30,341,3,0.7,341,NA,21,NA,0:02:35.831019,NA,1w3e02y9ypv1w22t4n8rv676o52ufwmnzyqsdgaa4na,NA,0,16,14,7,68,NA,NA,NA,NA,NA,NA,NA,NA,-25.4716839344,NA,NA
0.5,1.1,15,4,0.3,30,342,3,0.7,342,NA,18,NA,0:02:27.050007,NA,2b7oyza6t38jginqs2mmbnm09ndd3rjz665i2h7ria,NA,0,18,12,6,69,NA,NA,NA,NA,NA,NA,NA,NA,-24.6593615604,NA,NA
0.5,1.1,15,4,0.3,30,343,3,0.7,343,NA,16,NA,0:05:22.931124,NA,396hp3bx1t67cmavcyqq7loeluhfkxqibv4fxt6ocqu,NA,0,21,9,7,68,NA,NA,NA,NA,NA,NA,NA,NA,-24.5812918836,NA,NA
0.5,1.1,15,4,0.3,30,344,3,0.7,344,NA,26,NA,0:02:56.755063,NA,t5tkr8mqigrbffdj3o0iu1uy5c5m5xl0ow37ar9zcqa,NA,0,15,15,11,64,NA,NA,NA,NA,NA,NA,NA,NA,-31.6141493558,NA,NA
0.5,1.1,15,4,0.3,30,345,3,0.7,345,NA,13,NA,0:04:07.851710,NA,t40eehzyh421dgpnsnhciwhooul2dvix6w65cq3ld0i,NA,0,21,9,4,71,NA,NA,NA,NA,NA,NA,NA,NA,-30.0117299404,NA,NA
0.5,1.1,15,4,0.3,30,346,3,0.7,346,NA,17,NA,0:03:50.510253,NA,2h76vbkswjnz87lt9v2gu5hmkn9v276u6h523vuxv11e,NA,0,19,11,6,69,NA,NA,NA,NA,NA,NA,NA,NA,-25.1372691167,NA,NA
0.5,1.1,15,4,0.3,30,347,3,0.7,347,NA,19,NA,0:02:17.732213,NA,29v6sibczx8ig9lc9ggfhe540544h5ha1ykaff46qayq,NA,1,15,15,4,71,NA,NA,NA,NA,NA,NA,NA,NA,-24.9734098241,NA,NA
0.5,1.1,15,4,0.3,30,348,3,0.7,348,NA,20,NA,0:02:07.043639,NA,2ffiieqt5pumc0p35r2mfkvxkc38dbqvvm9hra5doz2a,NA,0,17,13,7,68,NA,NA,NA,NA,NA,NA,NA,NA,-23.7945403436,NA,NA
0.5,1.1,15,4,0.3,30,349,3,0.7,349,NA,23,NA,0:02:46.671613,NA,yid3gzt4yu5bileu0rfalgwzws35h75lx8rdhf5u,NA,1,17,13,10,65,NA,NA,NA,NA,NA,NA,NA,NA,-25.7861562269,NA,NA
0.5,1.1,15,4,0.3,30,350,3,0.7,350,NA,13,NA,0:03:45.459502,NA,1m86jo4u9fcgbxkdvcn8gxcqemedctc2v8qb1q9g5f5u,NA,0,21,9,4,71,NA,NA,NA,NA,NA,NA,NA,NA,-28.1321002124,NA,NA
0.5,1.1,15,4,0.3,30,351,3,0.7,351,NA,17,NA,0:03:23.526520,NA,acyf5xfakvye9lg8jb0ujz32ir8s4untv02216o7e,NA,0,18,12,5,70,NA,NA,NA,NA,NA,NA,NA,NA,-29.1682666601,NA,NA
0.5,1.1,15,4,0.3,30,352,3,0.7,352,NA,15,NA,0:02:46.370980,NA,1m85kpbs1txs69hrkbu3c909a6itbxyo3xrzyh7fu9dw,NA,0,19,11,4,71,NA,NA,NA,NA,NA,NA,NA,NA,-24.7613496037,NA,NA
0.5,1.1,15,4,0.3,30,353,3,0.7,353,NA,19,NA,0:02:25.271109,NA,17nxa8205dpebylcqqwiydmuipqcmq3zdie1bpaljf5y,NA,0,17,13,6,69,NA,NA,NA,NA,NA,NA,NA,NA,-27.8176817925,NA,NA
0.5,1.1,15,4,0.3,30,354,3,0.7,354,NA,25,NA,0:02:21.305903,NA,6pfw1hkfml8ge2mlznbv6y19fgjzsmp9dlyq7irnya,NA,0,15,15,10,65,NA,NA,NA,NA,NA,NA,NA,NA,-27.8398719769,NA,NA
0.5,1.1,15,4,0.3,30,355,3,0.7,355,NA,13,NA,0:02:25.620263,NA,1vagujwknos9ymc0ha557k9g4xgs0o0obgxbvilbxmy,NA,1,21,9,4,71,NA,NA,NA,NA,NA,NA,NA,NA,-28.0776168062,NA,NA
0.5,1.1,15,4,0.3,30,356,3,0.7,356,NA,16,NA,0:02:21.156962,NA,1m7xc5nf0014xtbo3gweeagqq3t3udwyqy8zp93la9os,NA,1,19,11,5,70,NA,NA,NA,NA,NA,NA,NA,NA,-24.9749937964,NA,NA
0.5,1.1,15,4,0.3,30,357,3,0.7,357,NA,15,NA,0:02:55.041365,NA,7ea9ys3vhzmb1ijle65f54qrtcga82th5g57lqpds74,NA,0,21,9,6,69,NA,NA,NA,NA,NA,NA,NA,NA,-26.9684520979,NA,NA
0.5,1.1,15,4,0.3,30,358,3,0.7,358,NA,22,NA,0:02:26.245462,NA,wtjukay4n967hbqijkjn70joqz7guejtzodofbm73m2,NA,1,17,13,9,66,NA,NA,NA,NA,NA,NA,NA,NA,-24.4659630239,NA,NA
0.5,1.1,15,4,0.3,30,359,3,0.7,359,NA,20,NA,0:02:13.124971,NA,2qjdbhnffzx1uwy68mmnplvrrfe7vm62rd558s86dxc,NA,0,18,12,8,67,NA,NA,NA,NA,NA,NA,NA,NA,-33.2190732964,NA,NA
0.5,1.1,15,4,0.3,30,360,3,0.7,360,NA,15,NA,0:02:25.617048,NA,2fbf66thf67c5o1vlo7l4kwqv9o5jibrdxxf7ine6fwg,NA,1,20,10,5,70,NA,NA,NA,NA,NA,NA,NA,NA,-25.8817610424,NA,NA
0.5,1.1,15,4,0.3,30,361,3,0.7,361,NA,19,NA,0:04:40.958887,NA,1m9ffx2v5518rps444wgmm33tt9ucuc1rv3y54fipukm,NA,1,17,13,6,69,NA,NA,NA,NA,NA,NA,NA,NA,-25.6241104871,NA,NA
0.5,1.1,15,4,0.3,30,362,3,0.7,362,NA,16,NA,0:02:10.194660,NA,1oynwh6w5gylfehb96cwoe5ol0umtodhmg7omax5u5fm,NA,0,21,9,7,68,NA,NA,NA,NA,NA,NA,NA,NA,-28.6201038286,NA,NA
0.5,1.1,15,4,0.3,30,363,3,0.7,363,NA,25,NA,0:02:44.649488,NA,2fbelhnp86r3bjh6w3h2y30nx4ezljx50pahqpx5vty0,NA,1,15,15,10,65,NA,NA,NA,NA,NA,NA,NA,NA,-28.4432527891,NA,NA
0.5,1.1,15,4,0.3,30,364,3,0.7,364,NA,22,NA,0:04:29.493059,NA,1puv1v0k82c0227vdzq2vx04hjpyk0du30dtaxyck7pg,NA,0,16,14,8,67,NA,NA,NA,NA,NA,NA,NA,NA,-27.2493070667,NA,NA
0.5,1.1,15,4,0.3,30,365,3,0.7,365,NA,21,NA,0:03:16.860617,NA,7c150dftvdr7st361y8hwjaxbc8g2tgcyweo3k6v7yc,NA,0,16,14,7,68,NA,NA,NA,NA,NA,NA,NA,NA,-28.8824203988,NA,NA
0.5,1.1,15,4,0.3,30,366,3,0.7,366,NA,15,NA,0:02:52.382948,NA,4v13xkpewf6gezvtckmnlwzwz5yxxqyepxcwwbdt8g,NA,0,20,10,5,70,NA,NA,NA,NA,NA,NA,NA,NA,-26.5887794065,NA,NA
0.5,1.1,15,4,0.3,30,367,3,0.7,367,NA,24,NA,0:03:20.212388,NA,kr22el8mewgq7vzsanpe77eslw2bl986ximmmsk69u,NA,1,17,13,11,64,NA,NA,NA,NA,NA,NA,NA,NA,-24.6326388809,NA,NA
0.5,1.1,15,4,0.3,30,368,3,0.7,368,NA,16,NA,0:02:16.995005,NA,2k4ksescbu7b5v9u94cx7ug2w4f9nzd250sxth41ptl2,NA,1,20,10,6,69,NA,NA,NA,NA,NA,NA,NA,NA,-26.2708519518,NA,NA
0.5,1.1,15,4,0.3,30,369,3,0.7,369,NA,14,NA,0:03:59.899950,NA,2fcxpdsuezc20cjx45qpkg8276t6wf4pez7wnefmc0t2,NA,0,20,10,4,71,NA,NA,NA,NA,NA,NA,NA,NA,-20.4789833096,NA,NA
0.5,1.1,15,4,0.3,30,370,3,0.7,370,NA,27,NA,0:02:42.920216,NA,aqswjwolimeo9s2fgf6q2jd6k3d3njfthbmt4b3z7m,NA,1,14,16,11,64,NA,NA,NA,NA,NA,NA,NA,NA,-26.9480031151,NA,NA
0.5,1.1,15,4,0.3,30,371,3,0.7,371,NA,19,NA,0:02:22.394470,NA,if1dlinto1n7f1581h03ynqpg8xk71hmjco0gvoxw,NA,0,17,13,6,69,NA,NA,NA,NA,NA,NA,NA,NA,-20.9613506179,NA,NA
0.5,1.1,15,4,0.3,30,372,3,0.7,372,NA,20,NA,0:04:29.214736,NA,1tzyfnwlduosmxrzylmjlezd7dc2dxzugu9scgknrra,NA,1,17,13,7,68,NA,NA,NA,NA,NA,NA,NA,NA,-24.7392569007,NA,NA
0.5,1.1,15,4,0.3,30,373,3,0.7,373,NA,18,NA,0:03:34.625012,NA,j1izxeg2zl5ef2dsysqt3yz6gqktbdwccjwf5zts4,NA,1,19,11,7,68,NA,NA,NA,NA,NA,NA,NA,NA,-25.1258846914,NA,NA
0.5,1.1,15,4,0.3,30,374,3,0.7,374,NA,22,NA,0:03:40.859586,NA,12u8kesj273734ke1unpwkzejv6vra5eqmyypejxtlog,NA,0,19,11,11,64,NA,NA,NA,NA,NA,NA,NA,NA,-26.593748404,NA,NA
0.5,1.1,15,4,0.3,30,375,3,0.7,375,NA,22,NA,0:03:39.236992,NA,en93si9hk75hds6jw50pj6s1izyl9y2ehe7rnofv9c4,NA,0,16,14,8,67,NA,NA,NA,NA,NA,NA,NA,NA,-27.5135819935,NA,NA
0.5,1.1,15,4,0.3,30,376,3,0.7,376,NA,15,NA,0:03:01.133262,NA,2iym3bffco4ywni25pp46256f0xp36hf5jj9b1khfmdg,NA,0,21,9,6,69,NA,NA,NA,NA,NA,NA,NA,NA,-25.049701001,NA,NA
0.5,1.1,15,4,0.3,30,377,3,0.7,377,NA,15,NA,0:02:52.595921,NA,1ti093gm9csrm13ho4aolwsdel8glu7cbhj4k9ngems,NA,0,19,11,4,71,NA,NA,NA,NA,NA,NA,NA,NA,-26.2383882975,NA,NA
0.5,1.1,15,4,0.3,30,378,3,0.7,378,NA,18,NA,0:03:38.340078,NA,jpndbsoc6ggnrfbvmnwzugcw6jpo2pijfe75ih0ra,NA,0,18,12,6,69,NA,NA,NA,NA,NA,NA,NA,NA,-29.9210452558,NA,NA
0.5,1.1,15,4,0.3,30,379,3,0.7,379,NA,22,NA,0:02:27.792190,NA,cqy5uvc7t36d8s85ai2yatbssv4inr0pmh48h71jojo,NA,0,15,15,7,68,NA,NA,NA,NA,NA,NA,NA,NA,-30.9392674802,NA,NA
0.5,1.1,15,4,0.3,30,380,3,0.7,380,NA,18,NA,0:02:52.160108,NA,1mgkpgnpti3axj377i8g4mfg5flmt0sl79w6h6bugg84,NA,1,18,12,6,69,NA,NA,NA,NA,NA,NA,NA,NA,-27.8246950219,NA,NA
0.5,1.1,15,4,0.3,30,381,3,0.7,381,NA,18,NA,0:02:25.154399,NA,1m7xc6qneame4g0h5jkn1puct5d2plfm94k3tk307nra,NA,0,19,11,7,68,NA,NA,NA,NA,NA,NA,NA,NA,-26.0590996431,NA,NA
0.5,1.1,15,4,0.3,30,382,3,0.7,382,NA,22,NA,0:04:24.759784,NA,t3sxja97exba4efso62xyqr3vsabdu0bc1nd9vo1qf4,NA,1,17,13,9,66,NA,NA,NA,NA,NA,NA,NA,NA,-26.8056968981,NA,NA
0.5,1.1,15,4,0.3,30,383,3,0.7,383,NA,19,NA,0:02:28.723607,NA,1r8a2kcxysohve8esikz7z84o50ylltgi1tsojgqz7m,NA,1,18,12,7,68,NA,NA,NA,NA,NA,NA,NA,NA,-29.5997875522,NA,NA
0.5,1.1,15,4,0.3,30,384,3,0.7,384,NA,20,NA,0:02:15.449145,NA,kpwog466qxhaj1yfa8ep54o6erzlxt9l2xpj9w9u,NA,1,15,15,5,70,NA,NA,NA,NA,NA,NA,NA,NA,-24.6124844101,NA,NA
0.5,1.1,15,4,0.3,30,385,3,0.7,385,NA,16,NA,0:02:36.038670,NA,1tmf3d2knltsws5kqv175yveq95bpynku67we1dy3nka,NA,1,19,11,5,70,NA,NA,NA,NA,NA,NA,NA,NA,-24.7379404744,NA,NA
0.5,1.1,15,4,0.3,30,386,3,0.7,386,NA,29,NA,0:02:16.105233,NA,ek4roiefcxi4qkqy69dzh9epesm0piab9yyi2w0qyg4,NA,0,14,16,13,62,NA,NA,NA,NA,NA,NA,NA,NA,-28.9252521752,NA,NA
0.5,1.1,15,4,0.3,30,387,3,0.7,387,NA,23,NA,0:02:11.194678,NA,2a6160rnd72yrq5vnf1bag86y9hl61274y1pdbj4he0,NA,1,16,14,9,66,NA,NA,NA,NA,NA,NA,NA,NA,-24.8203370664,NA,NA
0.5,1.1,15,4,0.3,30,388,3,0.7,388,NA,17,NA,0:02:32.612029,NA,2fbetddi73y8dh0mn2tofhsecwux06e1zowtxzwhxpfy,NA,0,18,12,5,70,NA,NA,NA,NA,NA,NA,NA,NA,-22.5557411725,NA,NA
0.5,1.1,15,4,0.3,30,389,3,0.7,389,NA,20,NA,0:02:24.896270,NA,1mo942di3g065oodqxm0mvynqkyudpyz4motgypzf286,NA,0,17,13,7,68,NA,NA,NA,NA,NA,NA,NA,NA,-24.35620821,NA,NA
0.5,1.1,15,4,0.3,30,390,3,0.7,390,NA,23,NA,0:02:20.854640,NA,1tq99pil30mv3s7or40mppmegqo5jya132r6yulmi7h2,NA,1,17,13,10,65,NA,NA,NA,NA,NA,NA,NA,NA,-30.6930695893,NA,NA
0.5,1.1,15,4,0.3,30,391,3,0.7,391,NA,18,NA,0:02:34.090426,NA,1m8g6q1obuigvgccx8vjtde5cyrey57k1yrrscgko4ci,NA,1,17,13,5,70,NA,NA,NA,NA,NA,NA,NA,NA,-25.1185755659,NA,NA
0.5,1.1,15,4,0.3,30,392,3,0.7,392,NA,15,NA,0:02:48.470564,NA,2j05ry90penu6zr740cs93ab7qbl7su7ntql2lg3r404,NA,1,18,12,3,72,NA,NA,NA,NA,NA,NA,NA,NA,-27.468593299,NA,NA
0.5,1.1,15,4,0.3,30,393,3,0.7,393,NA,17,NA,0:02:24.942140,NA,17pfke12nbk47cpjrqsau027ec2szaljl4mo2nu2z280,NA,1,19,11,6,69,NA,NA,NA,NA,NA,NA,NA,NA,-25.6374342571,NA,NA
0.5,1.1,15,4,0.3,30,394,3,0.7,394,NA,29,NA,0:03:46.097468,NA,eknnxr57yllvrims8x9u0amew768f8ose41f35kwlca,NA,1,12,18,11,64,NA,NA,NA,NA,NA,NA,NA,NA,-28.6546334386,NA,NA
0.5,1.1,15,4,0.3,30,395,3,0.7,395,NA,18,NA,0:02:37.953335,NA,t50y9dmorskdurdwigcpc5shvuzu2m0l27m1eof5d1i,NA,0,18,12,6,69,NA,NA,NA,NA,NA,NA,NA,NA,-28.9315179474,NA,NA
0.5,1.1,15,4,0.3,30,396,3,0.7,396,NA,22,NA,0:03:55.867510,NA,u8yicof0orcw2ptoq1iwaf4i8welwb72ns7f0zcougk,NA,0,16,14,8,67,NA,NA,NA,NA,NA,NA,NA,NA,-28.169113544,NA,NA
0.5,1.1,15,4,0.3,30,397,3,0.7,397,NA,20,NA,0:02:11.838536,NA,t41u1j1a67642inbbyy0ikx05llin7ginvkzi35651c,NA,0,16,14,6,69,NA,NA,NA,NA,NA,NA,NA,NA,-22.4606577219,NA,NA
0.5,1.1,15,4,0.3,30,398,3,0.7,398,NA,20,NA,0:04:49.752376,NA,1m85yyycgvo7aak9s9qzaq99i48izq0sb9qzacv8kvfk,NA,0,15,15,5,70,NA,NA,NA,NA,NA,NA,NA,NA,-23.0951322543,NA,NA
0.5,1.1,15,4,0.3,30,399,3,0.7,399,NA,20,NA,0:02:39.995176,NA,t5bb7qy3a9xroebhist15lvg4ycj27fzytwi4z5cwhu,NA,0,18,12,8,67,NA,NA,NA,NA,NA,NA,NA,NA,-32.0171684582,NA,NA
0.5,1.1,15,4,0.3,30,400,3,0.7,400,NA,21,NA,0:02:31.584990,NA,tmohrnj3w25qs2j96xetofvxks8ofqe0hhqm15ca52a,NA,0,19,11,10,65,NA,NA,NA,NA,NA,NA,NA,NA,-32.9063198888,NA,NA
0.5,1.1,15,4,0.3,30,401,3,0.7,401,NA,21,NA,0:02:53.809427,NA,i7lxrzsx466lwdgndo5k8vmdnba3ob9v4kokbekmps0,NA,1,15,15,6,69,NA,NA,NA,NA,NA,NA,NA,NA,-24.0245387443,NA,NA
0.5,1.1,15,4,0.3,30,402,3,0.7,402,NA,15,NA,0:03:42.828099,NA,2mm3t8uvl13qnyeio8jfotb560x31fpfeqadsrbbiebq,NA,0,23,7,8,67,NA,NA,NA,NA,NA,NA,NA,NA,-24.9367386583,NA,NA
0.5,1.1,15,4,0.3,30,403,3,0.7,403,NA,21,NA,0:02:35.483846,NA,3q1xxv6pysquh4rs6l7cv6ec0l6itpcktjl68p96ya2,NA,1,15,15,6,69,NA,NA,NA,NA,NA,NA,NA,NA,-28.2260210688,NA,NA
0.5,1.1,15,4,0.3,30,404,3,0.7,404,NA,17,NA,0:02:12.987597,NA,t404jsb5youk5h9ezxy3on1vxhu3tb2co6wb3moosua,NA,1,19,11,6,69,NA,NA,NA,NA,NA,NA,NA,NA,-25.2339701396,NA,NA
0.5,1.1,15,4,0.3,30,405,3,0.7,405,NA,15,NA,0:02:06.888020,NA,t41u1jjf4ylicy238jcpc86b1f0d18komho0sk34myu,NA,1,17,13,2,73,NA,NA,NA,NA,NA,NA,NA,NA,-23.4646727229,NA,NA
0.5,1.1,15,4,0.3,30,406,3,0.7,406,NA,16,NA,0:04:22.372274,NA,2usjlzmq3jz9i46e9y492adf6b1boz6houfgkhot924w,NA,1,18,12,4,71,NA,NA,NA,NA,NA,NA,NA,NA,-24.4442916459,NA,NA
0.5,1.1,15,4,0.3,30,407,3,0.7,407,NA,20,NA,0:02:38.419963,NA,317rpp6a5ev4bjuhysmzvriutxk3yq11d1xl5h1ut1r6,NA,0,16,14,6,69,NA,NA,NA,NA,NA,NA,NA,NA,-25.650446186,NA,NA
0.5,1.1,15,4,0.3,30,408,3,0.7,408,NA,19,NA,0:02:34.926395,NA,2q8j8qkruven3o4bv4jrrcriadk3gyv2z02dhbii94bk,NA,1,18,12,7,68,NA,NA,NA,NA,NA,NA,NA,NA,-24.3997932621,NA,NA
0.5,1.1,15,4,0.3,30,409,3,0.7,409,NA,29,NA,0:03:14.208430,NA,tnz025jy0n7yjywe1174j5wld7ej64yt0a4hog00nt8,NA,0,16,14,15,60,NA,NA,NA,NA,NA,NA,NA,NA,-27.1774845253,NA,NA
0.5,1.1,15,4,0.3,30,410,3,0.7,410,NA,18,NA,0:02:30.341299,NA,1q8dtpusojf44jve24csqhnb6psp6qhr7qdelj9j4,NA,1,16,14,4,71,NA,NA,NA,NA,NA,NA,NA,NA,-26.7539234988,NA,NA
0.5,1.1,15,4,0.3,30,411,3,0.7,411,NA,22,NA,0:02:34.413377,NA,10nps0wz9m42c2ilq009zmybxz5dh6n9l8jleta4sefc,NA,1,15,15,7,68,NA,NA,NA,NA,NA,NA,NA,NA,-22.1116165698,NA,NA
0.5,1.1,15,4,0.3,30,412,3,0.7,412,NA,19,NA,0:02:10.261818,NA,7mrcu85acm87tl72k1f7tvyccweu5srivos68h6lkao,NA,0,18,12,7,68,NA,NA,NA,NA,NA,NA,NA,NA,-29.2643584925,NA,NA
0.5,1.1,15,4,0.3,30,413,3,0.7,413,NA,21,NA,0:03:49.050450,NA,20wdffs17cdku0ipltdsvp00mo84ps317u7kokzog4r8,NA,0,18,12,9,66,NA,NA,NA,NA,NA,NA,NA,NA,-27.4769694329,NA,NA
0.5,1.1,15,4,0.3,30,414,3,0.7,414,NA,18,NA,0:02:39.045758,NA,2u3ypl4khb9oss3tc69sruc1sg4auiepchzvv82uiln2,NA,1,20,10,8,67,NA,NA,NA,NA,NA,NA,NA,NA,-27.9971949841,NA,NA
0.5,1.1,15,4,0.3,30,415,3,0.7,415,NA,20,NA,0:02:35.017952,NA,t6m8u1lihueudqaloeuujbeluuta69rvh89ggvcaen6,NA,0,18,12,8,67,NA,NA,NA,NA,NA,NA,NA,NA,-24.9536615013,NA,NA
0.5,1.1,15,4,0.3,30,416,3,0.7,416,NA,25,NA,0:02:17.427284,NA,tvf66cz705csffwsbbenhwxjwgz7cet2w484fxdd34a,NA,1,15,15,10,65,NA,NA,NA,NA,NA,NA,NA,NA,-25.8170008776,NA,NA
0.5,1.1,15,4,0.3,30,417,3,0.7,417,NA,21,NA,0:02:29.438541,NA,293lfcr5z4vcav38l3t6cwc8qvk9wk2073ifk5wmz9xi,NA,0,17,13,8,67,NA,NA,NA,NA,NA,NA,NA,NA,-28.2576252163,NA,NA
0.5,1.1,15,4,0.3,30,418,3,0.7,418,NA,21,NA,0:02:20.023193,NA,1m86kaoubqcf7jjz4dy267ttwykz3n7x2tm37q9t9dmw,NA,1,18,12,9,66,NA,NA,NA,NA,NA,NA,NA,NA,-25.4603037442,NA,NA
0.5,1.1,15,4,0.3,30,419,3,0.7,419,NA,15,NA,0:03:48.864843,NA,2mm3tcgrikz2qdh54qslr5c6e5fa66yk84iq7uxc69fq,NA,0,20,10,5,70,NA,NA,NA,NA,NA,NA,NA,NA,-25.1446435015,NA,NA
0.5,1.1,15,4,0.3,30,420,3,0.7,420,NA,27,NA,0:02:24.147697,NA,kpy8rhsbkxhuti44yquwekoxvg8fnawrgzznjnyjhk,NA,0,14,16,11,64,NA,NA,NA,NA,NA,NA,NA,NA,-24.4381961958,NA,NA
0.5,1.1,15,4,0.3,30,421,3,0.7,421,NA,11,NA,0:03:15.975593,NA,1o14zm8vqcp7ye5qx7bb1kl8w9is4bi1aicw55gsbjma,NA,0,23,7,4,71,NA,NA,NA,NA,NA,NA,NA,NA,-24.7195404113,NA,NA
0.5,1.1,15,4,0.3,30,422,3,0.7,422,NA,19,NA,0:02:27.523044,NA,1ja2bncr8hf3koo45pv75a9d2xwts5rbhduerxmr5u,NA,0,18,12,7,68,NA,NA,NA,NA,NA,NA,NA,NA,-27.5441132175,NA,NA
0.5,1.1,15,4,0.3,30,423,3,0.7,423,NA,19,NA,0:02:33.272563,NA,t41xh0a23k3d0zylj0m70cxsvzv152rs7ld68pwiof0,NA,0,20,10,9,66,NA,NA,NA,NA,NA,NA,NA,NA,-27.3738582316,NA,NA
0.5,1.1,15,4,0.3,30,424,3,0.7,424,NA,16,NA,0:02:20.350143,NA,2u487gaas10pi4hze41dtw488f5li4804rti078gv2tm,NA,1,20,10,6,69,NA,NA,NA,NA,NA,NA,NA,NA,-25.8182228132,NA,NA
0.5,1.1,15,4,0.3,30,425,3,0.7,425,NA,17,NA,0:02:03.227609,NA,estr5vqqhwc4l4w7y9jv5hron4y91q9fsb9qh72lp1e,NA,1,19,11,6,69,NA,NA,NA,NA,NA,NA,NA,NA,-25.7168591747,NA,NA
0.5,1.1,15,4,0.3,30,426,3,0.7,426,NA,17,NA,0:02:19.878437,NA,2lyhlpxdnbb55no759lvow1hiby350pvktq3jdjw4c,NA,0,19,11,6,69,NA,NA,NA,NA,NA,NA,NA,NA,-24.1237906464,NA,NA
0.5,1.1,15,4,0.3,30,427,3,0.7,427,NA,18,NA,0:02:15.225819,NA,t51y71mlrphzwulu6rpby952rtwqvcd009v3sjj06iu,NA,0,18,12,6,69,NA,NA,NA,NA,NA,NA,NA,NA,-26.54213229,NA,NA
0.5,1.1,15,4,0.3,30,428,3,0.7,428,NA,26,NA,0:02:19.900165,NA,2tlqqlvxrobriewy09v8x9tgt9k63drorywur661ldu,NA,1,15,15,11,64,NA,NA,NA,NA,NA,NA,NA,NA,-30.0232159612,NA,NA
0.5,1.1,15,4,0.3,30,429,3,0.7,429,NA,13,NA,0:02:19.409513,NA,2g8wecf0g9j3ubj1jw779tewrjaokfor3rncxf0yfq4i,NA,0,21,9,4,71,NA,NA,NA,NA,NA,NA,NA,NA,-26.6281321626,NA,NA
0.5,1.1,15,4,0.3,30,430,3,0.7,430,NA,19,NA,0:02:35.694658,NA,17s030ozwsl0tfcn89jxq5n2ubw0fikmu6yi35ovw1si,NA,0,19,11,8,67,NA,NA,NA,NA,NA,NA,NA,NA,-30.6391171694,NA,NA
0.5,1.1,15,4,0.3,30,431,3,0.7,431,NA,14,NA,0:03:34.785513,NA,2fdz4gymzkldvosrk3gx55osfll18ty3j4apr89e563m,NA,0,20,10,4,71,NA,NA,NA,NA,NA,NA,NA,NA,-26.8960563873,NA,NA
0.5,1.1,15,4,0.3,30,432,3,0.7,432,NA,13,NA,0:03:00.898080,NA,1ticm6x8mpm92dqhowdkx5qhdl9os7o2tyr6qor5a9ky,NA,1,19,11,2,73,NA,NA,NA,NA,NA,NA,NA,NA,-24.6703574241,NA,NA
0.5,1.1,15,4,0.3,30,433,3,0.7,433,NA,18,NA,0:03:50.481152,NA,3esatax8ofzi8sq69jsiu2nixhqsgmr25ymzatoomby,NA,0,21,9,9,66,NA,NA,NA,NA,NA,NA,NA,NA,-31.1383756538,NA,NA
0.5,1.1,15,4,0.3,30,434,3,0.7,434,NA,17,NA,0:02:54.429094,NA,21c7tvjv86dmf9z0y8wuokbsi3od1pmuz3a68cbfv3tg,NA,1,18,12,5,70,NA,NA,NA,NA,NA,NA,NA,NA,-25.5006224127,NA,NA
0.5,1.1,15,4,0.3,30,435,3,0.7,435,NA,21,NA,0:02:36.792946,NA,7aypqa887shsz3tezwta1j1db4rlgbrq7mbs9scg36e,NA,1,17,13,8,67,NA,NA,NA,NA,NA,NA,NA,NA,-26.2482706407,NA,NA
0.5,1.1,15,4,0.3,30,436,3,0.7,436,NA,18,NA,0:03:14.538044,NA,22dlf0t1jfmul9v1u5dj92lp9zn1ypyvkdhzjb9ropwm,NA,0,19,11,7,68,NA,NA,NA,NA,NA,NA,NA,NA,-24.936430587,NA,NA
0.5,1.1,15,4,0.3,30,437,3,0.7,437,NA,16,NA,0:02:32.946188,NA,otbg11cznke3z7zrde9v98dpl978v6acxwpwo4pfs4,NA,0,21,9,7,68,NA,NA,NA,NA,NA,NA,NA,NA,-25.1767944498,NA,NA
0.5,1.1,15,4,0.3,30,438,3,0.7,438,NA,17,NA,0:02:25.251499,NA,cr5na4g7wxihbhtdq18y6oc43shbfkdqsag82gwulvk,NA,0,19,11,6,69,NA,NA,NA,NA,NA,NA,NA,NA,-24.1831244612,NA,NA
0.5,1.1,15,4,0.3,30,439,3,0.7,439,NA,22,NA,0:04:46.087043,NA,2tvswdnxvmq6hyre68eyu28yr6mut7xkiis2v3rovw2o,NA,0,19,11,11,64,NA,NA,NA,NA,NA,NA,NA,NA,-32.0410888905,NA,NA
0.5,1.1,15,4,0.3,30,440,3,0.7,440,NA,20,NA,0:03:24.782055,NA,2h5exigd6fo32skhqzaq0uxv0pjfemfi25psrzyyl3rk,NA,1,16,14,6,69,NA,NA,NA,NA,NA,NA,NA,NA,-25.9905848974,NA,NA
0.5,1.1,15,4,0.3,30,441,3,0.7,441,NA,17,NA,0:02:32.971163,NA,17ontxlvymmy6n6kgjt3k7csum2wazi5n3hxronx6rye,NA,0,21,9,8,67,NA,NA,NA,NA,NA,NA,NA,NA,-25.7481830482,NA,NA
0.5,1.1,15,4,0.3,30,442,3,0.7,442,NA,22,NA,0:02:38.593466,NA,22903eolgteootgmuiha0pbj2b33pqoj53qf15dz0w,NA,0,17,13,9,66,NA,NA,NA,NA,NA,NA,NA,NA,-26.588716822,NA,NA
0.5,1.1,15,4,0.3,30,443,3,0.7,443,NA,19,NA,0:02:38.627257,NA,t6ukb3gypae3f790homghntuxaqpdcwndeuigc0g2le,NA,0,19,11,8,67,NA,NA,NA,NA,NA,NA,NA,NA,-28.04780954,NA,NA
0.5,1.1,15,4,0.3,30,444,3,0.7,444,NA,14,NA,0:02:56.633438,NA,1n4w5azt7y66fzvh5i3nupmgzmqn3biif1vszmb38ef4,NA,0,19,11,3,72,NA,NA,NA,NA,NA,NA,NA,NA,-25.1408883488,NA,NA
0.5,1.1,15,4,0.3,30,445,3,0.7,445,NA,21,NA,0:05:01.680720,NA,2fnwj16lsku88mt0nsbffnid3x3jh4u3lu96nuqmqdfq,NA,0,17,13,8,67,NA,NA,NA,NA,NA,NA,NA,NA,-28.1471035002,NA,NA
0.5,1.1,15,4,0.3,30,446,3,0.7,446,NA,16,NA,0:02:03.003546,NA,2fs1lejowlyuyum5nffxqjpp19as7acm17xgc7sureh2,NA,1,20,10,6,69,NA,NA,NA,NA,NA,NA,NA,NA,-26.2898708692,NA,NA
0.5,1.1,15,4,0.3,30,447,3,0.7,447,NA,23,NA,0:02:28.396257,NA,2twtb230ojuvzcbhto6e63st18bb145h3bmwjugx5fyq,NA,0,17,13,10,65,NA,NA,NA,NA,NA,NA,NA,NA,-27.1996907768,NA,NA
0.5,1.1,15,4,0.3,30,448,3,0.7,448,NA,12,NA,0:02:47.991365,NA,1ezcj8unzsb6tp86ab40ek5q98ysa59y2x8op5hfe136,NA,0,21,9,3,72,NA,NA,NA,NA,NA,NA,NA,NA,-29.2470582462,NA,NA
0.5,1.1,15,4,0.3,30,449,3,0.7,449,NA,22,NA,0:03:05.192703,NA,19lq4qio58uoj8z1fboemvbizdjm5omqost0mky6dslg,NA,0,17,13,9,66,NA,NA,NA,NA,NA,NA,NA,NA,-29.0500482223,NA,NA
0.5,1.1,15,4,0.3,30,450,3,0.7,450,NA,18,NA,0:02:30.958282,NA,10bmypwbvv9du135qrn3dcvyjc1fakyraujl5s9pxu2,NA,0,19,11,7,68,NA,NA,NA,NA,NA,NA,NA,NA,-24.917974323,NA,NA
0.5,1.1,15,4,0.3,30,451,3,0.7,451,NA,17,NA,0:03:53.522528,NA,t5skxlkybj54w7w82bieamlc1qemzibrgpdsf0jaw4e,NA,0,19,11,6,69,NA,NA,NA,NA,NA,NA,NA,NA,-28.1464809968,NA,NA
0.5,1.1,15,4,0.3,30,452,3,0.7,452,NA,23,NA,0:02:19.310421,NA,1ue6e9sirb06eokhyz3ifm1if7pc3g6hipv5s,NA,1,14,16,7,68,NA,NA,NA,NA,NA,NA,NA,NA,-38.4446746244,NA,NA
0.5,1.1,15,4,0.3,30,453,3,0.7,453,NA,20,NA,0:04:03.095031,NA,gvuhyeeapj98yt8ag9ha9c1xj9wof913nm7avssb9c,NA,1,17,13,7,68,NA,NA,NA,NA,NA,NA,NA,NA,-25.990146565,NA,NA
0.5,1.1,15,4,0.3,30,454,3,0.7,454,NA,17,NA,0:04:35.843306,NA,3k8j9n6nzekapqs7jnnsvv02rqq2owbn3hnfrg1u,NA,1,18,12,5,70,NA,NA,NA,NA,NA,NA,NA,NA,-28.6029683092,NA,NA
0.5,1.1,15,4,0.3,30,455,3,0.7,455,NA,20,NA,0:02:31.522459,NA,2tzctbkmhtr6p5gu71laqnbxmu6hx4vlitsck5d7s7ig,NA,1,15,15,5,70,NA,NA,NA,NA,NA,NA,NA,NA,-24.2686485991,NA,NA
0.5,1.1,15,4,0.3,30,456,3,0.7,456,NA,23,NA,0:03:05.983834,NA,tk4u4b3mqp268llicpk0iij8zy3ciplze4e9c6t5q84,NA,1,15,15,8,67,NA,NA,NA,NA,NA,NA,NA,NA,-28.1297824189,NA,NA
0.5,1.1,15,4,0.3,30,457,3,0.7,457,NA,20,NA,0:02:50.190429,NA,u2l0er9tmhcu3s2081mu7zlo4fhluaij3g555xzkysu,NA,0,18,12,8,67,NA,NA,NA,NA,NA,NA,NA,NA,-26.4025627178,NA,NA
0.5,1.1,15,4,0.3,30,458,3,0.7,458,NA,23,NA,0:02:29.187629,NA,1nt6jvimqmkdk8wz76gwafgru6fik1gkmu8ltxxeaiw6,NA,1,17,13,10,65,NA,NA,NA,NA,NA,NA,NA,NA,-25.1888595116,NA,NA
0.5,1.1,15,4,0.3,30,459,3,0.7,459,NA,19,NA,0:04:03.186976,NA,2iyco0tgv5algbjhwd5kcpkk5wa8pfc2zc5mi90t3so0,NA,1,18,12,7,68,NA,NA,NA,NA,NA,NA,NA,NA,-30.1858646137,NA,NA
0.5,1.1,15,4,0.3,30,460,3,0.7,460,NA,18,NA,0:02:19.535291,NA,t529v2pj1hqrg0je031igdvohcsa410chr7jd79x8xs,NA,1,17,13,5,70,NA,NA,NA,NA,NA,NA,NA,NA,-24.7083475909,NA,NA
0.5,1.1,15,4,0.3,30,461,3,0.7,461,NA,16,NA,0:02:50.667272,NA,4wq87epex7gsem4tyarwsd4dv47yohz0looiez1s74,NA,0,20,10,6,69,NA,NA,NA,NA,NA,NA,NA,NA,-24.9857543289,NA,NA
0.5,1.1,15,4,0.3,30,462,3,0.7,462,NA,25,NA,0:02:35.677200,NA,1o1vgjly5ucvhuxr7x01a170jxm8mm5k1ta4eomgtmw0,NA,1,17,13,12,63,NA,NA,NA,NA,NA,NA,NA,NA,-25.2575972502,NA,NA
0.5,1.1,15,4,0.3,30,463,3,0.7,463,NA,22,NA,0:02:19.653671,NA,1n6p6rvzu1a3i49xnlyjnh6yswpq342el2vbnwyvjk76,NA,0,18,12,10,65,NA,NA,NA,NA,NA,NA,NA,NA,-27.6653391005,NA,NA
0.5,1.1,15,4,0.3,30,464,3,0.7,464,NA,17,NA,0:02:32.885001,NA,1eohi0zzpnhf6eyopjw4p81m1y0xlyirtq1njvqz66k,NA,0,20,10,7,68,NA,NA,NA,NA,NA,NA,NA,NA,-23.7687714383,NA,NA
0.5,1.1,15,4,0.3,30,465,3,0.7,465,NA,16,NA,0:02:38.112488,NA,i7nnxgq0hsstwt8j4krfr63qpkg3cumfideihqh7if4,NA,1,17,13,3,72,NA,NA,NA,NA,NA,NA,NA,NA,-22.312473757,NA,NA
0.5,1.1,15,4,0.3,30,466,3,0.7,466,NA,18,NA,0:02:42.657358,NA,1moi9ykqhr0ir0q7qxca4sxijmvmyzn4ruhk5l4g2pz4,NA,0,17,13,5,70,NA,NA,NA,NA,NA,NA,NA,NA,-24.3432644611,NA,NA
0.5,1.1,15,4,0.3,30,467,3,0.7,467,NA,23,NA,0:02:45.383542,NA,t40hhyz5nrqo2t6r4bc77bir1529va11f8cchba64cu,NA,0,18,12,11,64,NA,NA,NA,NA,NA,NA,NA,NA,-28.6226596766,NA,NA
0.5,1.1,15,4,0.3,30,468,3,0.7,468,NA,20,NA,0:03:04.668600,NA,2hck7w9wmm13y27fi7kx50o7agd4i5xbxx9qvuy9vime,NA,0,17,13,7,68,NA,NA,NA,NA,NA,NA,NA,NA,-22.0176734296,NA,NA
0.5,1.1,15,4,0.3,30,469,3,0.7,469,NA,20,NA,0:02:25.941511,NA,wr04efcwgwxfgqyommoojg8ps7ijivvxycvy46k2o6,NA,1,17,13,7,68,NA,NA,NA,NA,NA,NA,NA,NA,-25.8009296564,NA,NA
0.5,1.1,15,4,0.3,30,470,3,0.7,470,NA,18,NA,0:05:11.219566,NA,x0jddivyshn96p31l7p8vcv3hy83v9s3vgawdjtgua,NA,1,18,12,6,69,NA,NA,NA,NA,NA,NA,NA,NA,-26.1736316038,NA,NA
0.5,1.1,15,4,0.3,30,471,3,0.7,471,NA,19,NA,0:03:03.848819,NA,elplyu797vu7okaqub0k9qix9wzntujlqiz9pbpwjlu,NA,0,18,12,7,68,NA,NA,NA,NA,NA,NA,NA,NA,-25.5131728509,NA,NA
0.5,1.1,15,4,0.3,30,472,3,0.7,472,NA,20,NA,0:02:23.574798,NA,1mo91graam5lepjseb65orejjhxffalou8kd66g2xizk,NA,0,16,14,6,69,NA,NA,NA,NA,NA,NA,NA,NA,-23.5500629882,NA,NA
0.5,1.1,15,4,0.3,30,473,3,0.7,473,NA,18,NA,0:03:14.773243,NA,1qrlwqoh4uo9yi11oyu3ebik2zcp6gbr2xfc0c6rdlg0,NA,1,18,12,6,69,NA,NA,NA,NA,NA,NA,NA,NA,-28.6116455677,NA,NA
0.5,1.1,15,4,0.3,30,474,3,0.7,474,NA,24,NA,0:02:17.651785,NA,1m853vzbrudvzgcfn8ug2oxc9tvh0hc7rnps53wj3qgy,NA,1,16,14,10,65,NA,NA,NA,NA,NA,NA,NA,NA,-30.270072098,NA,NA
0.5,1.1,15,4,0.3,30,475,3,0.7,475,NA,16,NA,0:02:30.058909,NA,2fbn34e3hpq36lh9s8jetokcu7grmgzrbezdxwhz78xs,NA,0,20,10,6,69,NA,NA,NA,NA,NA,NA,NA,NA,-27.626740256,NA,NA
0.5,1.1,15,4,0.3,30,476,3,0.7,476,NA,18,NA,0:02:00.013371,NA,t7dpk4okahm90wztf7o2bfhn6vdyii0gf4nmkjlssua,NA,0,18,12,6,69,NA,NA,NA,NA,NA,NA,NA,NA,-27.4030518975,NA,NA
0.5,1.1,15,4,0.3,30,477,3,0.7,477,NA,17,NA,0:02:55.098793,NA,1m8g278f0it53cqvwo0i22mo4qqg6p4vfrd9eigciwcq,NA,1,19,11,6,69,NA,NA,NA,NA,NA,NA,NA,NA,-33.0136384676,NA,NA
0.5,1.1,15,4,0.3,30,478,3,0.7,478,NA,17,NA,0:02:33.257079,NA,1moauwxhkzckh6ott3hofaajq7gh9o53ijcpqwqb6r5u,NA,0,20,10,7,68,NA,NA,NA,NA,NA,NA,NA,NA,-28.0930951706,NA,NA
0.5,1.1,15,4,0.3,30,479,3,0.7,479,NA,22,NA,0:02:22.832644,NA,33olx6bcacv3zfhpvalpvmvrem4qr7hvwfonpxzpj6,NA,0,17,13,9,66,NA,NA,NA,NA,NA,NA,NA,NA,-26.635751434,NA,NA
0.5,1.1,15,4,0.3,30,480,3,0.7,480,NA,21,NA,0:02:46.431081,NA,2fc5nar7kxw0oycp4slrsr8l8ie78xmg59q0c8i2pekw,NA,0,17,13,8,67,NA,NA,NA,NA,NA,NA,NA,NA,-30.0035380035,NA,NA
0.5,1.1,15,4,0.3,30,481,3,0.7,481,NA,21,NA,0:03:36.227657,NA,2g8nl3xtx9lpqq9mqvxpygdal71mcftnz2hxih2ai9s4,NA,0,16,14,7,68,NA,NA,NA,NA,NA,NA,NA,NA,-25.7121103791,NA,NA
0.5,1.1,15,4,0.3,30,482,3,0.7,482,NA,18,NA,0:02:46.870487,NA,2fd6c6zzg40qze5a8anzn9aqg4eti8uxd7wv3nyio000,NA,0,19,11,7,68,NA,NA,NA,NA,NA,NA,NA,NA,-27.968747469,NA,NA
0.5,1.1,15,4,0.3,30,483,3,0.7,483,NA,14,NA,0:05:47.086185,NA,lu2f4cez4ltnxzypzp04s2t1gtv8h4udwjt0ma2jymc,NA,1,19,11,3,72,NA,NA,NA,NA,NA,NA,NA,NA,-27.7942028782,NA,NA
0.5,1.1,15,4,0.3,30,484,3,0.7,484,NA,14,NA,0:02:24.713751,NA,1m7wrfphe3ewdmvq9kful1oo4f09xibzq5zi87ff1thi,NA,0,21,9,5,70,NA,NA,NA,NA,NA,NA,NA,NA,-26.7421438276,NA,NA
0.5,1.1,15,4,0.3,30,485,3,0.7,485,NA,10,NA,0:02:29.798227,NA,t6lx8bqllmrz2tko2d1qr0x22v8eklvydtzezknn4zo,NA,0,24,6,4,71,NA,NA,NA,NA,NA,NA,NA,NA,-27.0424612329,NA,NA
0.5,1.1,15,4,0.3,30,486,3,0.7,486,NA,21,NA,0:02:57.147008,NA,1end0qbses8bp6fvqjzkuwpxv1l3u6l2kxu2fgk9gy4,NA,0,17,13,8,67,NA,NA,NA,NA,NA,NA,NA,NA,-21.8594856077,NA,NA
0.5,1.1,15,4,0.3,30,487,3,0.7,487,NA,19,NA,0:02:40.476126,NA,t5slzgdcv5ros19itiy7qznezbzwxow55zvg20cu4yc,NA,0,18,12,7,68,NA,NA,NA,NA,NA,NA,NA,NA,-23.507114964,NA,NA
0.5,1.1,15,4,0.3,30,488,3,0.7,488,NA,21,NA,0:02:45.371854,NA,t7u8li3um3vgsfj6houvis0y6r6diouvkw04mas5ci4,NA,1,17,13,8,67,NA,NA,NA,NA,NA,NA,NA,NA,-25.8562497045,NA,NA
0.5,1.1,15,4,0.3,30,489,3,0.7,489,NA,14,NA,0:02:23.031175,NA,1q082lk8wlzfgyrkn2zthi7mi91uwrkmwhonke9ysupy,NA,1,19,11,3,72,NA,NA,NA,NA,NA,NA,NA,NA,-27.6494284111,NA,NA
0.5,1.1,15,4,0.3,30,490,3,0.7,490,NA,15,NA,0:03:00.550568,NA,2fbndgyvsake3hrl5cgggq58zbn0iq1c5zpm5ehy3keq,NA,0,20,10,5,70,NA,NA,NA,NA,NA,NA,NA,NA,-28.283341265,NA,NA
0.5,1.1,15,4,0.3,30,491,3,0.7,491,NA,25,NA,0:02:13.504989,NA,1mg2vhl11jo91bt6xn1oqcuej9piyb4taokbxufdqn0i,NA,1,14,16,9,66,NA,NA,NA,NA,NA,NA,NA,NA,-25.9744145509,NA,NA
0.5,1.1,15,4,0.3,30,492,3,0.7,492,NA,18,NA,0:02:25.387853,NA,ai58t6eov94vwc7r37br3d99j914jes67ifmcum8a,NA,0,17,13,5,70,NA,NA,NA,NA,NA,NA,NA,NA,-29.9405081864,NA,NA
0.5,1.1,15,4,0.3,30,493,3,0.7,493,NA,15,NA,0:03:43.901167,NA,1thtecnpeerrzoox7k33sxix28l58qenhiwz8l5zzfgi,NA,0,20,10,5,70,NA,NA,NA,NA,NA,NA,NA,NA,-25.8558621242,NA,NA
0.5,1.1,15,4,0.3,30,494,3,0.7,494,NA,14,NA,0:03:03.145043,NA,tcpozkkklrq9kfj0ioh4avoguk9heozyy7tkq4f7m,NA,0,22,8,6,69,NA,NA,NA,NA,NA,NA,NA,NA,-26.9511626918,NA,NA
0.5,1.1,15,4,0.3,30,495,3,0.7,495,NA,20,NA,0:02:28.096473,NA,2fbn3w2mqi8ujlnnvi4x2f1hshfj2kpugqloxx05hz0g,NA,1,16,14,6,69,NA,NA,NA,NA,NA,NA,NA,NA,-29.4039022027,NA,NA
0.5,1.1,15,4,0.3,30,496,3,0.7,496,NA,19,NA,0:03:00.631229,NA,10dpun33vyf75xjr8wvosf6ipurvvt5i4vvptomtx2iy,NA,0,18,12,7,68,NA,NA,NA,NA,NA,NA,NA,NA,-23.1130279204,NA,NA
0.5,1.1,15,4,0.3,30,497,3,0.7,497,NA,23,NA,0:02:20.657277,NA,tv48ckz1uhpp27hic4l0jzxlm94inzxbuexyapljshs,NA,1,17,13,10,65,NA,NA,NA,NA,NA,NA,NA,NA,-25.8611254546,NA,NA
0.5,1.1,15,4,0.3,30,498,3,0.7,498,NA,20,NA,0:03:46.467296,NA,1m8n96z4o9ibh7b83t3nd5fisvrvj08q39bzr4bvwkqq,NA,0,18,12,8,67,NA,NA,NA,NA,NA,NA,NA,NA,-30.6412744221,NA,NA
0.5,1.1,15,4,0.3,30,499,3,0.7,499,NA,21,NA,0:04:26.407349,NA,1n4e9r6wki9s30md040t5sbl7zdoloxwde4pfyqj5538,NA,0,17,13,8,67,NA,NA,NA,NA,NA,NA,NA,NA,-28.9407761644,NA,NA
0.5,1.1,15,4,0.3,30,500,3,0.7,500,NA,24,NA,0:03:07.760812,NA,17no8pjcp7l8zcukfrlfbgeck8n9vy5h9v65jwt3kxzo,NA,0,17,13,11,64,NA,NA,NA,NA,NA,NA,NA,NA,-26.2755779295,NA,NA
