subj,node1,node2,uinvite,rw
S101,peacock,zebra,1,1
S101,swan,horse,0,1
S101,bunny,hare,1,1
S101,fish,bird,1,1
S101,chicken,fox,1,1
S101,chicken,pig,1,0
S101,sunconure,lovebird,1,1
S101,sunconure,jaguar,1,0
S101,polarbear,grizzlybear,1,1
S101,pheasant,rhinoceros,1,1
S101,frog,fox,1,1
S101,jaguar,elephant,1,1
S101,jaguar,leopard,1,0
S101,horse,sunconure,1,0
S101,swan,bee,1,1
S101,cat,lovebird,1,1
S101,antelope,grizzlybear,1,1
S101,cat,cheetah,1,1
S101,jaguar,monkey,0,1
S101,ant,mouse,1,1
S101,lion,bird,0,1
S101,turkey,tortoise,1,1
S101,persian,humunukuapua,1,1
S101,shark,whale,1,0
S101,lion,dog,0,1
S101,shark,dolphin,0,1
S101,poodle,russianblue,1,1
S101,horse,jaguar,0,1
S101,elephant,hyena,0,1
S101,pigeon,chicken,0,1
S101,llama,ant,1,1
S101,grasshopper,beetle,1,1
S101,beetle,bee,1,1
S101,antelope,rhinoceros,1,1
S101,ant,hare,1,1
S101,giraffe,robin,0,1
S101,parrot,hyena,1,1
S101,chicken,rooster,1,1
S101,sparrow,turkey,1,1
S101,grizzlybear,parrot,0,1
S101,snake,mouse,1,1
S101,hippopotamus,rhinoceros,1,0
S101,cat,bird,0,1
S101,parrot,warthog,1,0
S101,rooster,whale,1,1
S101,antelope,mouse,0,1
S101,sparrow,fox,1,1
S101,pufferfish,humunukuapua,1,1
S101,hippopotamus,elephant,1,1
S101,lion,elephant,1,1
S101,pig,warthog,1,1
S101,shark,snail,1,1
S101,hippopotamus,monkey,1,1
S101,peacock,pig,1,1
S101,dolphin,whale,1,1
S101,bird,dog,1,0
S101,llama,dolphin,1,1
S101,swan,goose,1,1
S101,warthog,leopard,1,1
S101,poodle,terrier,1,1
S101,cat,germanshepherd,1,1
S101,tortoise,wolf,1,1
S101,zebra,hippopotamus,1,1
S101,germanshepherd,terrier,1,1
S101,antelope,shark,1,1
S101,cat,dog,1,1
S101,duck,goose,1,1
S101,sunconure,monkey,1,0
S101,guineapig,wolf,1,1
S101,antelope,fish,1,1
S101,lion,hyena,1,1
S101,pheasant,quail,1,1
S101,cheetah,leopard,1,0
S101,giraffe,germanshepherd,1,0
S101,dolphin,fox,1,1
S101,russianblue,persian,1,1
S101,frog,grasshopper,1,1
S101,hippopotamus,hyena,0,1
S101,antelope,elephant,0,1
S101,polarbear,warthog,1,1
S101,snake,monkey,0,1
S101,parrot,lovebird,1,1
S101,pufferfish,robin,1,1
S101,pigeon,guineapig,1,1
S101,zebra,warthog,1,1
S101,snake,leopard,0,1
S101,polarbear,snake,1,1
S101,lion,cheetah,1,1
S101,snake,quail,1,1
S101,quail,leopard,1,0
S101,giraffe,elephant,0,1
S101,duck,sunconure,1,1
S101,slug,snail,1,1
S101,snake,jaguar,1,1
S101,slug,dog,1,1
S101,shark,monkey,1,1
S101,bunny,goose,1,1
S101,giraffe,zebra,1,0
S102,turtle,llama,1,1
S102,donkey,cheetah,0,1
S102,owl,chicken,1,1
S102,fish,cheetah,1,1
S102,owl,giraffe,1,1
S102,bird,dog,1,1
S102,giraffe,llama,1,1
S102,donkey,horse,1,1
S102,falcon,zebra,1,1
S102,horse,monkey,0,1
S102,elephant,lion,1,1
S102,bird,skunk,1,1
S102,donkey,cow,0,1
S102,elephant,tiger,0,1
S102,fox,bear,1,1
S102,turkey,ostrich,0,1
S102,lion,tiger,1,1
S102,lion,cat,1,1
S102,coyote,zebra,0,1
S102,turkey,chicken,0,1
S102,turkey,cheetah,0,1
S102,bear,cat,1,1
S102,hyena,wolf,1,1
S102,turtle,monkey,0,1
S102,owl,turkey,1,1
S102,bear,llama,1,0
S102,mountainlion,jaguar,1,1
S102,turtle,elephant,0,1
S102,elephant,cheetah,0,1
S102,horse,cow,1,1
S102,bobcat,jaguar,1,1
S102,monkey,cat,0,1
S102,ostrich,zebra,1,1
S102,coyote,hyena,0,1
S102,tiger,skunk,1,1
S102,donkey,llama,1,1
S102,coyote,wolf,1,0
S102,tiger,wolf,1,1
S102,bobcat,horse,0,1
S102,lion,zebra,1,1
S102,monkey,elephant,1,1
S102,cheetah,tiger,1,0
S102,fox,wolf,1,1
S102,giraffe,ostrich,0,1
S102,owl,falcon,0,1
S102,cheetah,lion,1,0
S102,dog,cat,1,1
S102,turtle,wolf,0,1
S102,cheetah,leopard,1,1
S102,monkey,giraffe,0,1
S102,horse,elephant,1,1
S102,fox,dog,1,1
S102,leopard,jaguar,1,1
S102,llama,dog,0,1
S102,donkey,monkey,0,1
S102,bobcat,mountainlion,0,1
S102,giraffe,zebra,1,0
S103,woolymammoth,elephant,1,1
S103,penguin,snail,1,1
S103,orangutan,donkey,0,1
S103,lemur,gorilla,0,1
S103,llama,woolymammoth,1,1
S103,horse,donkey,1,1
S103,catfish,penguin,1,1
S103,polarbear,koala,1,0
S103,ferret,weasel,1,1
S103,kangaroo,mouse,0,1
S103,rabbit,capybara,1,1
S103,chicken,pig,1,0
S103,mule,donkey,1,1
S103,chipmunk,moose,1,1
S103,chicken,panda,1,1
S103,piranha,goldfish,1,1
S103,sloth,cat,0,1
S103,llama,alpaca,1,1
S103,zebra,hippopotamus,1,0
S103,redpanda,boar,1,1
S103,llama,goat,0,1
S103,lemur,redpanda,1,0
S103,rat,koala,1,1
S103,pig,rat,1,1
S103,swan,kangaroo,0,1
S103,bee,cheetah,1,1
S103,hippopotamus,giraffe,0,1
S103,orangutan,chimpanzee,1,0
S103,monkey,chimpanzee,1,0
S103,monkey,orangutan,1,1
S103,rat,goat,1,1
S103,marmoset,hamster,1,1
S103,lion,redpanda,1,1
S103,marmoset,lemur,1,1
S103,chimpanzee,gorilla,0,1
S103,octopus,ocelot,1,1
S103,kangaroo,yellowjacket,1,1
S103,lion,tiger,1,0
S103,antelope,pig,1,1
S103,hamster,bluejay,1,1
S103,wolf,bear,1,1
S103,zebra,giraffe,1,1
S103,human,cheetah,1,1
S103,parrot,eagle,1,1
S103,dinosaur,raptor,1,1
S103,tiger,gorilla,1,1
S103,seal,mink,1,1
S103,goose,zebra,1,1
S103,crow,duck,0,1
S103,orangutan,redpanda,1,0
S103,lion,sealion,0,1
S103,human,boar,1,1
S103,rabbit,slowloris,1,1
S103,antelope,rhinoceros,1,1
S103,catfish,whale,1,1
S103,ocelot,leopard,1,1
S103,goose,hawk,1,1
S103,sheep,alpaca,1,1
S103,bat,bee,1,1
S103,moose,hawk,1,1
S103,human,mink,1,0
S103,raptor,deer,1,1
S103,octopus,raven,1,1
S103,horse,cow,1,0
S103,piranha,tiger,1,1
S103,zebra,woolymammoth,1,0
S103,wolf,snake,1,1
S103,monkey,gorilla,1,0
S103,hippopotamus,rhinoceros,1,0
S103,crane,mouse,1,1
S103,duck,fly,1,1
S103,zebra,gerbil,1,1
S103,redpanda,donkey,1,0
S103,tick,hawk,1,1
S103,zebra,gorilla,1,1
S103,lion,zebra,1,1
S103,cranefly,crow,1,1
S103,sloth,slowloris,1,1
S103,sloth,dog,1,1
S103,lion,hippopotamus,0,1
S103,swan,seacow,1,0
S103,human,lion,1,0
S103,hamster,gerbil,1,1
S103,crow,raven,1,1
S103,mantis,ocelot,1,1
S103,goldfish,snake,1,1
S103,lion,elephant,1,0
S103,human,wolf,1,0
S103,cranefly,fly,1,1
S103,sloth,gerbil,1,0
S103,dolphin,whale,1,0
S103,swan,hawk,0,1
S103,llama,dolphin,1,0
S103,otter,polarbear,1,1
S103,seacow,mouse,1,0
S103,swan,goose,1,0
S103,lemur,boar,0,1
S103,human,cat,1,1
S103,lion,wolf,0,1
S103,horse,deer,0,1
S103,piranha,mantis,1,1
S103,llama,redpanda,1,1
S103,sugarglider,hyena,1,1
S103,squirrel,chipmunk,1,1
S103,cat,dog,1,1
S103,chicken,seacow,1,1
S103,orangutan,gorilla,0,1
S103,boar,pig,1,1
S103,seacow,deer,1,0
S103,monkey,bear,1,1
S103,sloth,koala,1,1
S103,otter,seal,1,1
S103,eagle,bluejay,1,1
S103,tiger,cheetah,1,1
S103,sealion,belugawhale,1,1
S103,polarbear,dolphin,1,1
S103,marmoset,dinosaur,1,1
S103,sealion,seagull,1,1
S103,mantis,rhinoceros,1,1
S103,seacow,cow,1,1
S103,squirrel,deer,1,1
S103,goat,giraffe,1,1
S103,ocelot,tiger,0,1
S103,cheetah,leopard,1,1
S103,weasel,mink,1,1
S103,raven,mink,1,1
S103,gerbil,mouse,0,1
S103,cranefly,crane,1,1
S103,ocelot,snake,1,1
S103,penguin,dolphin,1,1
S103,zebra,elephant,0,1
S103,tick,snail,1,1
S103,redpanda,gorilla,1,0
S103,marmoset,human,1,1
S103,hamster,alpaca,1,1
S103,parrot,hawk,0,1
S103,mule,giraffe,1,1
S103,cow,pig,1,1
S103,rat,bear,1,1
S103,seal,mantis,1,1
S103,blackheadedgull,seagull,1,1
S103,alpaca,capybara,1,1
S103,ferret,hamster,1,1
S103,horse,chimpanzee,0,1
S103,wolf,cheetah,0,1
S103,panda,redpanda,1,1
S103,turtle,lion,1,1
S103,weasel,polarbear,1,0
S103,panda,donkey,0,1
S103,seacow,kangaroo,1,1
S103,eagle,crane,1,1
S103,mouse,dog,1,1
S103,wolf,mink,0,1
S103,blackheadedgull,sugarglider,1,1
S103,belugawhale,whale,1,1
S103,seacow,horse,1,1
S103,deer,slowloris,1,1
S103,bat,panda,1,1
S103,piranha,flyingsquirrel,1,1
S103,human,dog,0,1
S103,yellowjacket,hyena,1,1
S103,sheep,goat,1,1
S103,eagle,hawk,1,1
S103,human,bear,1,1
S103,seal,sealion,1,1
S103,redpanda,horse,1,0
S103,lion,belugawhale,1,0
S103,turtle,slowloris,1,1
S103,rat,mouse,1,1
S104,elephant,lemur,1,1
S104,python,platypus,1,1
S104,ferret,mouse,0,1
S104,wildebeest,elk,0,1
S104,pandabear,platypus,1,1
S104,groundhog,raccoon,1,1
S104,ferret,lemur,0,1
S104,pandabear,grizzlybear,1,1
S104,wildebeest,deer,1,1
S104,pig,hedgehog,1,1
S104,elephant,horse,1,1
S104,baldeagle,buffalo,0,1
S104,platypus,buffalo,1,0
S104,rabbit,anaconda,1,0
S104,polarbear,lion,0,1
S104,python,koalabear,1,1
S104,dolphin,trout,1,1
S104,boar,skunk,1,0
S104,baldeagle,opossum,1,1
S104,raccoon,skunk,0,1
S104,deer,scorpion,1,1
S104,crab,fox,0,1
S104,mongoose,grizzlybear,1,1
S104,groundhog,hedgehog,1,1
S104,woodpecker,baldeagle,1,1
S104,rabbit,pig,0,1
S104,lobster,scorpion,1,1
S104,polarbear,cougar,0,1
S104,pig,anaconda,1,0
S104,scorpion,platypus,1,1
S104,dolphin,greatwhiteshark,1,1
S104,crocodile,anaconda,1,1
S104,otter,lemur,0,1
S104,tiger,cougar,1,1
S104,squirrel,lemur,1,1
S104,mongoose,cougar,1,1
S104,caribou,moose,1,1
S104,octopus,jellyfish,1,1
S104,boar,ferret,0,1
S104,cat,horse,1,1
S104,ferret,wolverine,1,0
S104,parrot,buffalo,0,1
S104,tiger,lion,1,1
S104,polarbear,fox,1,1
S104,pandabear,koalabear,1,1
S104,bluewhale,dolphin,1,1
S104,greatwhiteshark,elephant,1,1
S104,python,pig,1,1
S104,lion,elephant,1,0
S104,ferret,rabbit,0,1
S104,opossum,buffalo,1,0
S104,bluewhale,elephant,1,1
S104,ferret,skunk,1,0
S104,boar,platypus,1,0
S104,otter,baldeagle,1,1
S104,moose,skunk,1,1
S104,polarbear,koalabear,1,1
S104,marmot,killerwhale,1,1
S104,bluejay,woodpecker,1,1
S104,opossum,skunk,1,0
S104,parrot,anaconda,1,1
S104,elk,caribou,1,1
S104,owl,trout,1,1
S104,otter,groundhog,1,0
S104,cat,dog,1,1
S104,lion,opossum,0,1
S104,python,anaconda,1,1
S104,ferret,pig,0,1
S104,opossum,cougar,1,1
S104,badger,wolverine,1,1
S104,boar,pig,0,1
S104,porcupine,hedgehog,0,1
S104,ferret,anaconda,1,0
S104,dolphin,penguin,1,1
S104,lobster,trout,1,1
S104,deer,platypus,1,1
S104,wildebeest,elephant,1,1
S104,wildebeest,buffalo,1,1
S104,dolphin,fox,1,1
S104,trout,hedgehog,1,1
S104,porcupine,buffalo,1,1
S104,wildebeest,moose,1,0
S104,crocodile,platypus,1,1
S104,groundhog,lemur,1,0
S104,lobster,jellyfish,1,1
S104,goat,penguin,1,1
S104,opossum,raccoon,1,1
S104,fox,trout,1,0
S104,bluejay,marmot,1,1
S104,python,skunk,1,1
S104,sheep,deer,0,1
S104,owl,fox,0,1
S104,owl,ferret,0,1
S104,lemur,skunk,0,1
S104,wolverine,baldeagle,1,1
S104,parrot,deer,1,1
S104,squirrel,groundhog,0,1
S104,platypus,alligator,1,1
S104,crab,lobster,1,1
S104,killerwhale,greatwhiteshark,1,1
S104,polarbear,tiger,1,1
S104,crocodile,alligator,1,1
S104,porcupine,pig,1,1
S104,scorpion,alligator,0,1
S104,parrot,mouse,1,1
S104,tiger,buffalo,1,1
S104,porcupine,starfish,1,1
S104,badger,lemur,1,1
S104,crab,starfish,1,1
S104,crab,octopus,0,1
S104,boar,sheep,1,1
S104,ferret,koalabear,1,0
S105,whale,ostrich,1,1
S105,shark,octopus,0,1
S105,donkey,lion,1,1
S105,pig,cow,1,1
S105,donkey,horse,1,1
S105,rat,snake,1,1
S105,elephant,lion,1,1
S105,dolphin,dog,0,1
S105,fish,ostrich,0,1
S105,turtle,zebra,1,1
S105,donkey,leopard,0,1
S105,lion,ostrich,1,1
S105,fish,dog,0,1
S105,sheep,wolf,1,1
S105,chicken,octopus,1,1
S105,pig,chicken,1,1
S105,horse,bat,1,1
S105,snake,cow,0,1
S105,cow,chicken,1,1
S105,sheep,horse,1,1
S105,elephant,giraffe,1,1
S105,horse,cow,1,0
S105,pig,horse,0,1
S105,dog,cat,1,1
S105,shark,fish,0,1
S105,gerbil,cat,1,1
S105,whale,dolphin,1,1
S105,rat,mouse,1,1
S105,whale,ant,1,1
S105,hippopotamus,zebra,1,0
S105,dolphin,cow,1,1
S105,shark,whale,1,0
S105,elephant,ant,1,1
S105,lion,leopard,1,1
S105,elephant,fish,1,1
S105,donkey,zebra,1,1
S105,shark,dolphin,0,1
S105,hippopotamus,ostrich,0,1
S105,leopard,giraffe,0,1
S105,fish,cat,1,1
S105,sheep,cow,1,1
S105,hippopotamus,elephant,0,1
S105,giraffe,dog,1,1
S105,elephant,leopard,0,1
S105,lion,giraffe,0,1
S105,gerbil,mouse,1,1
S105,bat,skunk,1,1
S105,giraffe,zebra,1,1
S106,pig,chicken,1,1
S106,possum,cow,1,1
S106,alligator,elephant,1,1
S106,coyote,penguin,0,1
S106,possum,rabbit,0,1
S106,possum,raccoon,1,0
S106,mouse,armadillo,1,1
S106,polarbear,flamingo,1,1
S106,horse,giraffe,0,1
S106,kangaroo,skunk,1,1
S106,hawk,eagle,1,1
S106,hawk,bear,1,1
S106,horse,lion,1,1
S106,hawk,coyote,1,1
S106,panda,kangaroo,1,1
S106,chicken,buffalo,1,1
S106,squirrel,raccoon,1,1
S106,lemur,buffalo,1,1
S106,elephant,bear,0,1
S106,giraffe,coyote,0,1
S106,elephant,lion,1,1
S106,possum,dog,1,1
S106,possum,skunk,1,1
S106,giraffe,chicken,0,1
S106,coyote,lemur,1,1
S106,elephant,giraffe,1,1
S106,horse,cow,1,0
S106,duck,walrus,1,1
S106,alligator,rabbit,1,1
S106,horse,snake,1,1
S106,dog,cat,1,1
S106,pig,penguin,0,1
S106,alligator,penguin,1,0
S106,mouse,bat,1,1
S106,mouse,eagle,1,1
S106,elephant,pig,1,1
S106,alligator,walrus,0,1
S106,hawk,penguin,1,1
S106,squirrel,bat,0,1
S106,polarbear,penguin,1,1
S106,armadillo,skunk,1,1
S106,lion,dog,1,1
S106,bear,tiger,1,1
S106,lion,tiger,1,1
S106,tiger,bat,1,1
S106,gerbil,giraffe,1,1
S106,horse,elephant,0,1
S106,duck,flamingo,1,1
S106,bat,dog,1,1
S106,alligator,panda,1,1
S106,gerbil,mouse,1,1
S106,pig,cow,1,0
S106,cow,raccoon,0,1
S107,bulldog,rhinoceros,1,0
S107,sparrow,hawk,1,1
S107,horse,donkey,1,1
S107,flamingo,toad,1,1
S107,porpoise,waterbuffalo,1,1
S107,stork,robin,1,1
S107,chicken,bat,1,1
S107,jaguar,leopard,1,1
S107,snappingturtle,seaturtle,1,1
S107,ferret,rat,1,1
S107,sparrow,robin,1,1
S107,pelican,stork,1,1
S107,beagle,wolfhound,1,1
S107,octopus,squid,1,1
S107,giraffe,oryx,1,1
S107,donkey,narwhal,1,0
S107,skate,greatwhiteshark,1,1
S107,orangutan,chimpanzee,1,1
S107,jaguar,cheetah,0,1
S107,tiger,whale,1,1
S107,frog,toad,1,1
S107,chimpanzee,gorilla,0,1
S107,bulldog,tiger,1,1
S107,stingray,jellyfish,1,1
S107,panther,leopard,1,0
S107,flamingo,wolf,1,1
S107,kangaroo,rat,1,1
S107,lion,tiger,1,1
S107,turtle,stork,1,1
S107,panther,tiger,0,1
S107,skate,rattlesnake,1,1
S107,tiger,catamount,1,0
S107,jaguar,panther,1,1
S107,elephant,hyena,0,1
S107,cat,dog,1,1
S107,seal,manatee,0,1
S107,cow,horse,1,1
S107,cheetah,leopard,1,1
S107,fox,waterbuffalo,1,1
S107,bison,greatwhiteshark,1,1
S107,giraffe,capybara,0,1
S107,antelope,rhinoceros,1,0
S107,fox,manatee,1,1
S107,panda,kangaroo,0,1
S107,lemur,orangutan,1,1
S107,salmon,seaturtle,1,1
S107,orangutan,deer,1,1
S107,panther,boar,1,1
S107,humpbackwhale,narwhal,0,1
S107,puma,cougar,1,1
S107,bison,cougar,1,1
S107,jaguar,stork,1,0
S107,octopus,jellyfish,1,1
S107,giraffe,buffalo,1,1
S107,tuna,leopard,1,1
S107,manatee,narwhal,1,1
S107,fox,wolfhound,1,1
S107,jaguar,capybara,1,1
S107,oryx,capybara,1,0
S107,sheep,goat,1,1
S107,lion,elephant,1,1
S107,greatwhiteshark,hammerheadshark,1,1
S107,orca,manatee,1,1
S107,seal,narwhal,1,1
S107,stork,elephant,1,0
S107,chicken,donkey,0,1
S107,puma,gorilla,1,1
S107,cougar,chimpanzee,1,1
S107,antelope,oryx,1,1
S107,bulldog,hyena,1,0
S107,chicken,sheep,0,1
S107,bat,cod,1,1
S107,manatee,cow,1,1
S107,whale,narwhal,1,1
S107,horse,deer,1,1
S107,flamingo,robin,1,1
S107,flamingo,stork,1,1
S107,chicken,cow,1,1
S107,fish,buffalo,1,1
S107,puma,cheetah,1,1
S107,panther,cheetah,1,0
S107,mouse,capybara,1,1
S107,puma,catamount,1,1
S107,rat,mouse,1,1
S107,salmon,hammerheadshark,1,1
S107,tiger,cheetah,1,0
S107,orca,koala,1,1
S107,orca,narwhal,1,0
S107,hippopotamus,catamount,1,1
S107,antelope,hyena,0,1
S107,donkey,goat,0,1
S107,fox,wolf,1,1
S107,cod,tuna,1,1
S107,lion,leopard,1,1
S107,salmon,tuna,1,1
S107,rattlesnake,hyena,1,1
S107,bison,sheep,1,1
S107,panther,narwhal,1,0
S107,bluewhale,narwhal,1,1
S107,giraffe,leopard,1,1
S107,panther,donkey,0,1
S107,stork,hyena,1,1
S107,hippopotamus,hyena,0,1
S107,jaguar,hyena,0,1
S107,greatwhiteshark,bluewhale,1,1
S107,panda,koala,1,1
S107,turtle,toad,1,1
S107,manatee,lemur,1,0
S107,panda,rat,1,0
S107,fish,dog,1,1
S107,sheep,donkey,0,1
S107,ferret,panda,0,1
S107,stingray,pelican,1,1
S107,sheep,robin,1,1
S107,sealion,manatee,1,1
S107,elephant,cheetah,0,1
S107,lion,cheetah,1,1
S107,eagle,stork,0,1
S107,rhinoceros,cheetah,0,1
S107,tiger,rhinoceros,0,1
S107,hippopotamus,rhinoceros,1,1
S107,bison,squid,1,1
S107,boxturtle,bobcat,1,1
S107,orca,humpbackwhale,1,1
S107,boxturtle,snappingturtle,1,1
S107,wolf,bobcat,1,1
S107,rattlesnake,frog,1,1
S107,sheep,horse,1,1
S107,eagle,hawk,1,1
S107,jaguar,cougar,1,1
S107,seal,sealion,1,1
S107,fox,lemur,0,1
S107,cat,bear,1,1
S108,fish,rooster,1,1
S108,camel,donkey,1,1
S108,chicken,pig,1,1
S108,mammoth,sloth,1,1
S108,zebra,hippopotamus,1,1
S108,bear,wolf,1,1
S108,shark,whale,1,1
S108,bat,whale,1,1
S108,chicken,cat,1,0
S108,otter,chipmunk,1,1
S108,chinchilla,rabbit,1,1
S108,parrot,hippopotamus,0,1
S108,parrot,sheep,1,1
S108,sheep,ram,1,1
S108,goose,chicken,0,1
S108,owl,ape,1,1
S108,shark,dolphin,1,1
S108,turtle,lizard,1,0
S108,lion,tiger,1,1
S108,walrus,manatee,1,1
S108,fox,dolphin,1,0
S108,otter,beaver,1,1
S108,crocodile,lizard,0,1
S108,turtle,rabbit,1,1
S108,alligator,elephant,1,1
S108,rabbit,rooster,1,1
S108,turtle,gazelle,1,0
S108,cow,horse,1,0
S108,camel,lizard,1,1
S108,emu,rat,1,1
S108,orca,dolphin,1,1
S108,snake,hamster,1,1
S108,goose,octopus,1,1
S108,giraffe,ostrich,1,1
S108,cow,buffalo,1,1
S108,orca,seal,0,1
S108,chicken,rooster,1,1
S108,emu,ostrich,1,1
S108,sheep,pig,1,1
S108,monkey,gorilla,1,1
S108,snake,mouse,1,1
S108,turtle,rat,0,1
S108,parrot,hamster,1,1
S108,chipmunk,gorilla,1,1
S108,crocodile,chinchilla,0,1
S108,duck,horse,1,1
S108,dolphin,manatee,1,1
S108,hippopotamus,mouse,0,1
S108,tiger,otter,1,1
S108,fox,salmon,0,1
S108,rat,gorilla,1,1
S108,wolf,sheep,1,1
S108,chipmunk,possum,1,1
S108,elephant,leopard,1,1
S108,chicken,dog,0,1
S108,horse,buffalo,0,1
S108,owl,chipmunk,0,1
S108,lion,elephant,1,0
S108,zebra,mammoth,1,1
S108,chipmunk,sloth,1,1
S108,bat,alligator,1,1
S108,dolphin,whale,1,1
S108,walrus,coyote,1,1
S108,wolf,coyote,1,1
S108,cow,ram,0,1
S108,seal,alligator,1,1
S108,cow,dog,1,1
S108,cat,dog,1,1
S108,wolf,donkey,0,1
S108,parrot,owl,1,1
S108,goose,duck,1,1
S108,rat,mouse,1,1
S108,horse,donkey,1,1
S108,tiger,cheetah,1,1
S108,bear,tiger,1,1
S108,giraffe,lion,0,1
S108,lion,leopard,0,1
S108,salmon,tuna,1,1
S108,cheetah,leopard,1,1
S108,ape,gorilla,1,1
S108,fish,shrimp,1,1
S108,turtle,ape,0,1
S108,beaver,sloth,1,1
S108,snake,turtle,1,1
S108,snake,monkey,1,1
S108,snake,lizard,1,1
S108,gazelle,cheetah,0,1
S108,cow,pig,1,1
S108,camel,elephant,1,1
S108,tuna,whale,1,1
S108,gorilla,sloth,0,1
S108,sheep,donkey,1,0
S108,octopus,shrimp,1,1
S108,leopard,possum,1,1
S108,zebra,manatee,1,0
S108,cow,sheep,0,1
S108,zebra,ram,1,0
S108,giraffe,elephant,1,1
S108,zebra,fox,0,1
S108,duck,lizard,1,1
S108,fox,manatee,1,0
S108,crocodile,alligator,1,1
S108,hippopotamus,gazelle,1,1
S108,giraffe,gazelle,1,1
S108,crocodile,turtle,1,1
S108,lion,gazelle,0,1
S108,bear,leopard,0,1
S108,bear,seal,1,1
S108,giraffe,zebra,1,0
S109,whale,ostrich,1,1
S109,shark,panda,1,1
S109,lamb,sheep,1,1
S109,bull,ox,1,1
S109,snake,gorilla,0,1
S109,pigeon,deer,1,1
S109,bear,wolf,1,1
S109,sheep,bull,1,1
S109,rat,ox,1,0
S109,duck,penguin,0,1
S109,duck,ox,1,0
S109,monkey,chimpanzee,1,1
S109,shark,whale,1,1
S109,pigeon,bat,1,1
S109,lion,dog,1,1
S109,rat,raccoon,0,1
S109,lion,tiger,1,1
S109,pigeon,penguin,1,1
S109,deer,sheep,1,1
S109,wolf,weasel,0,1
S109,cheetah,panther,1,1
S109,moose,ox,1,1
S109,camel,ox,1,1
S109,snake,raccoon,0,1
S109,rat,kangaroo,1,1
S109,parakeet,cat,1,1
S109,lamb,cow,1,1
S109,lion,bear,1,1
S109,elephant,lion,1,0
S109,chimpanzee,weasel,1,1
S109,parakeet,gorilla,1,0
S109,chicken,ostrich,1,1
S109,ox,mouse,1,0
S109,monkey,gorilla,1,1
S109,polarbear,ostrich,0,1
S109,pigeon,giraffe,0,1
S109,shark,hare,0,1
S109,parakeet,cow,1,1
S109,bull,cow,1,1
S109,elephant,penguin,0,1
S109,duck,mouse,0,1
S109,penguin,ox,1,0
S109,giraffe,wolf,0,1
S109,camel,giraffe,0,1
S109,pig,cow,1,1
S109,pig,chicken,1,1
S109,parakeet,ostrich,1,1
S109,rabbit,ox,1,1
S109,rat,moose,0,1
S109,bear,cow,1,1
S109,shark,porcupine,1,0
S109,parakeet,polarbear,1,1
S109,pigeon,ox,1,0
S109,parakeet,raccoon,1,0
S109,lion,ox,1,0
S109,elephant,giraffe,0,1
S109,duck,goose,1,1
S109,dog,cat,1,1
S109,camel,lion,0,1
S109,rat,mouse,1,0
S109,parakeet,parrot,1,1
S109,camel,moose,0,1
S109,snake,parakeet,1,0
S109,shark,camel,1,1
S109,rat,dog,1,1
S109,sheep,moose,1,1
S109,koala,polarbear,1,1
S109,rat,cow,1,1
S109,hare,porcupine,1,1
S109,polarbear,weasel,1,1
S109,lamb,goat,1,1
S109,pigeon,parakeet,1,1
S109,panda,koala,1,1
S109,giraffe,ox,1,0
S109,sheep,rabbit,1,1
S109,elephant,ox,1,0
S109,pig,goat,1,1
S109,porcupine,rabbit,1,1
S109,rat,rabbit,0,1
S109,whale,mouse,0,1
S109,panther,weasel,1,1
S109,goose,bear,1,1
S109,lion,wolf,0,1
S109,lamb,ox,1,1
S109,wolf,ox,1,0
S109,bear,tiger,0,1
S109,pigeon,parrot,1,1
S109,whale,penguin,1,1
S109,cheetah,tiger,1,1
S109,camel,bull,1,1
S110,dungbeetle,horse,1,1
S110,mole,chameleon,1,1
S110,civet,monkey,1,1
S110,mouse,tapir,1,1
S110,donkey,tapir,1,0
S110,chicken,pig,1,1
S110,iguana,chameleon,1,1
S110,leopard,basilisk,1,1
S110,llama,alpaca,1,1
S110,jaguar,leopard,1,1
S110,dungbeetle,mouse,1,0
S110,lizard,mouse,0,1
S110,chipmunk,cheetah,1,1
S110,carp,shark,1,1
S110,eagle,gorilla,1,1
S110,chicken,ape,1,1
S110,lion,tiger,1,1
S110,spider,rat,1,1
S110,deer,argali,1,1
S110,emu,ostrich,1,1
S110,chinchilla,ram,1,1
S110,dingo,leopard,1,1
S110,sheep,tapir,1,1
S110,shrew,mouse,1,1
S110,vulture,hawk,1,1
S110,sparrow,eagle,1,1
S110,lynx,ram,1,1
S110,muskox,okapi,1,1
S110,turtle,lizard,1,0
S110,cow,horse,1,0
S110,seal,cat,1,1
S110,donkey,horse,1,0
S110,donkey,cat,0,1
S110,polarbear,capybara,1,1
S110,hamster,bear,1,1
S110,lion,bear,1,0
S110,hippopotamus,hawk,1,1
S110,cow,buffalo,1,1
S110,octopus,swordfish,1,1
S110,badger,turtle,1,1
S110,dingo,hyena,1,1
S110,argali,leopard,1,1
S110,monkey,gorilla,1,0
S110,hippopotamus,rhinoceros,1,1
S110,sparrow,chameleon,1,1
S110,whale,shark,1,0
S110,cat,mouse,1,1
S110,jaguar,mink,1,1
S110,chinchilla,chameleon,0,1
S110,hamster,guineapig,1,1
S110,goat,porpoise,1,1
S110,eagle,vulture,1,1
S110,chicken,gilamonster,1,1
S110,thornydevil,marten,1,1
S110,bear,dog,1,1
S110,dungbeetle,lizard,1,1
S110,goat,muskox,1,1
S110,goldfish,pelican,1,1
S110,fox,alligator,1,1
S110,impala,cheetah,1,1
S110,lion,elephant,1,1
S110,spider,elephant,1,1
S110,chinchilla,mole,1,0
S110,iguana,guineapig,1,1
S110,goldfish,shark,1,1
S110,civet,basilisk,1,1
S110,tiger,bear,0,1
S110,donkey,buffalo,0,1
S110,newt,muskdeer,1,1
S110,lynx,elephant,0,1
S110,owl,fish,1,1
S110,newt,polarbear,1,1
S110,muskdeer,okapi,1,1
S110,chicken,cow,1,1
S110,parrot,thornydevil,1,1
S110,cat,dog,1,1
S110,pelican,tuna,1,1
S110,carp,rhinoceros,1,1
S110,whale,bunny,1,1
S110,gilamonster,impala,1,1
S110,hyena,buffalo,1,1
S110,monkey,cat,1,1
S110,marten,mouse,1,1
S110,rat,mouse,1,1
S110,tiger,cheetah,1,0
S110,cheetah,leopard,1,0
S110,dog,giraffe,1,1
S110,fish,mole,1,1
S110,salamander,bunny,1,1
S110,eagle,hawk,1,0
S110,seal,ape,1,1
S110,frog,ferret,1,1
S110,llama,pig,1,1
S110,elk,parrot,1,1
S110,canary,chipmunk,1,1
S110,cow,pig,1,0
S110,sheep,buffalo,1,1
S110,shrew,gorilla,1,1
S110,ermine,deer,1,1
S110,mole,elephant,1,0
S110,ostrich,alpaca,1,1
S110,bumblebee,bunny,1,1
S110,elk,bunny,1,1
S110,turtle,porpoise,1,1
S110,canary,alligator,1,1
S110,capybara,salamander,1,1
S110,swordfish,tuna,1,1
S110,fox,stallion,1,1
S110,mink,clownfish,1,1
S110,badger,stallion,1,1
S110,octopus,clownfish,1,1
S110,porpoise,frog,1,1
S110,porpoise,horse,1,1
S110,bumblebee,elephant,1,1
S110,owl,eagle,1,1
S111,horse,rhinoceros,1,1
S111,cheetah,hyena,0,1
S111,horse,giraffe,0,1
S111,rabbit,crocodile,0,1
S111,deer,cat,1,1
S111,giraffe,dog,0,1
S111,cheetah,bear,0,1
S111,cheetah,rabbit,1,1
S111,elephant,lion,1,1
S111,deer,hyena,0,1
S111,elephant,tiger,0,1
S111,camel,giraffe,1,1
S111,owl,buzzard,0,1
S111,crocodile,wolf,1,1
S111,cow,wolf,0,1
S111,owl,cow,1,1
S111,horse,cheetah,1,1
S111,hyena,wolf,1,1
S111,bear,wolf,1,1
S111,rhinoceros,giraffe,0,1
S111,buzzard,deer,1,1
S111,horse,cow,1,0
S111,kangaroo,crocodile,0,1
S111,dog,cat,1,1
S111,lion,hyena,1,1
S111,bird,deer,0,1
S111,bird,cat,1,1
S111,crocodile,hyena,0,1
S111,bunny,cow,1,1
S111,cheetah,tiger,1,1
S111,bear,tiger,1,1
S111,bird,wolf,1,1
S111,cheetah,dog,1,1
S111,camel,rhinoceros,0,1
S111,camel,crocodile,1,1
S111,owl,kangaroo,1,1
S111,owl,bird,1,1
S111,tiger,lion,1,1
S111,camel,horse,1,1
S112,squirrel,squid,1,1
S112,bear,panther,1,1
S112,alligator,hippopotamus,1,1
S112,crab,bear,1,0
S112,fish,pig,0,1
S112,bear,fox,0,1
S112,chicken,pig,1,0
S112,scorpion,coyote,1,1
S112,cricket,grasshopper,1,1
S112,squirrel,raccoon,1,1
S112,zebra,hippopotamus,1,1
S112,gopher,mole,1,1
S112,scorpion,bee,1,1
S112,fish,octopus,1,1
S112,chicken,wolf,1,1
S112,tiger,giraffe,0,1
S112,starfish,whale,1,1
S112,sloth,koalabear,1,1
S112,shark,whale,1,1
S112,cricket,snake,1,1
S112,monkey,giraffe,1,1
S112,squirrel,bear,0,1
S112,zebra,leopard,1,1
S112,beetle,gopher,1,1
S112,mouse,cockroach,1,1
S112,bird,octopus,1,1
S112,crocodile,giraffe,0,1
S112,wasp,bee,1,0
S112,bull,octopus,1,0
S112,gopher,crab,0,1
S112,sloth,hamster,1,1
S112,bear,penguin,0,1
S112,snake,hamster,1,1
S112,beetle,grasshopper,1,1
S112,beetle,crab,0,1
S112,starfish,lobster,1,1
S112,leopard,hyena,0,1
S112,spider,koalabear,1,1
S112,cricket,panda,1,1
S112,chicken,bull,0,1
S112,monkey,gorilla,1,1
S112,snake,mouse,1,1
S112,leopard,raccoon,1,1
S112,cat,bird,0,1
S112,bull,cow,1,1
S112,prairiedog,mole,1,1
S112,crab,whale,1,1
S112,squid,octopus,1,1
S112,tiger,octopus,0,1
S112,chicken,fish,1,1
S112,crab,squid,1,1
S112,penguin,panda,1,1
S112,squid,bird,1,1
S112,sloth,monkey,1,1
S112,pig,cow,1,1
S112,bird,dog,1,1
S112,snake,pig,1,1
S112,hornet,bee,1,1
S112,leopard,panther,1,1
S112,penguin,gorilla,0,1
S112,coyote,seal,0,1
S112,cricket,tiger,1,1
S112,cat,dog,1,1
S112,cockroach,hyena,1,0
S112,crocodile,alligator,1,1
S112,wasp,hornet,1,1
S112,rat,mouse,1,1
S112,coyote,wolf,1,1
S112,bear,wolf,1,0
S112,scorpion,rat,0,1
S112,fox,wolf,1,1
S112,lion,leopard,0,1
S112,bear,coyote,0,1
S112,seal,woodpecker,1,0
S112,rat,hamster,0,1
S112,tiger,lion,1,1
S112,coyote,penguin,1,0
S112,giraffe,hyena,0,1
S112,cockroach,panther,1,1
S112,woodpecker,hummingbird,1,1
S112,cricket,giraffe,1,0
S112,giraffe,cockroach,1,0
S112,shark,seal,0,1
S112,prairiedog,snake,1,1
S112,crab,lobster,1,1
S112,koalabear,hamster,1,1
S112,shark,pig,1,1
S112,scorpion,spider,1,1
S112,hummingbird,cow,1,1
S112,monkey,penguin,1,0
S112,woodpecker,raccoon,1,1
S112,bear,rat,1,1
S112,bull,pig,0,1
S112,crab,grasshopper,1,1
S112,giraffe,zebra,1,0
S112,lion,squid,1,1
S112,penguin,seal,1,1
S113,rat,elephant,0,1
S113,koala,wallaby,1,1
S113,beaver,wolf,1,1
S113,dingo,platypus,1,1
S113,camel,donkey,1,1
S113,gerbil,guineapig,0,1
S113,possum,koala,1,1
S113,gerbil,kangaroo,0,1
S113,platypus,wallaby,1,1
S113,donkey,goat,0,1
S113,antelope,cheetah,1,1
S113,rabbit,hamster,1,1
S113,deer,moose,1,1
S113,ermine,mink,1,1
S113,panther,leopard,1,1
S113,panther,tiger,0,1
S113,gerbil,goat,0,1
S113,pony,rat,1,1
S113,cheetah,leopard,1,0
S113,horse,pig,0,1
S113,weasel,ferret,1,0
S113,sheep,donkey,0,1
S113,antelope,rhinoceros,1,0
S113,ferret,mink,1,1
S113,bear,raccoon,0,1
S113,gerbil,wallaby,1,0
S113,horse,dog,1,1
S113,mouse,guineapig,0,1
S113,bear,panda,0,1
S113,horse,cow,1,1
S113,sheep,pig,1,1
S113,sheep,wallaby,1,0
S113,kangaroo,platypus,0,1
S113,otter,possum,1,1
S113,panther,rhinoceros,1,1
S113,rat,wolf,1,1
S113,walrus,panda,1,1
S113,bear,lion,1,1
S113,sheep,cow,0,1
S113,badger,donkey,1,1
S113,ermine,otter,1,1
S113,rabbit,mouse,0,1
S113,guineapig,possum,1,0
S113,lion,elephant,1,0
S113,otter,panda,1,1
S113,weasel,zebra,1,1
S113,walrus,seal,1,1
S113,otter,pig,1,1
S113,kangaroo,wallaby,1,1
S113,deer,raccoon,1,1
S113,pig,cow,1,1
S113,puma,caribou,1,1
S113,gazelle,panda,1,1
S113,pig,goat,0,1
S113,cow,dog,1,1
S113,cat,dog,1,1
S113,moose,caribou,1,1
S113,badger,pony,1,1
S113,tiger,koala,0,1
S113,panther,cheetah,1,1
S113,rat,mouse,1,1
S113,horse,donkey,1,0
S113,tiger,cheetah,1,1
S113,tiger,leopard,0,1
S113,giraffe,lion,0,1
S113,panther,lion,0,1
S113,weasel,mink,1,1
S113,lynx,mink,1,1
S113,dingo,wallaby,1,1
S113,weasel,otter,0,1
S113,tiger,lion,1,0
S113,lynx,cheetah,1,1
S113,lion,pig,1,1
S113,rhinoceros,elephant,1,1
S113,antelope,elephant,0,1
S113,possum,raccoon,1,1
S113,panda,koala,0,1
S113,ferret,cow,1,1
S113,leopard,possum,1,1
S113,panther,walrus,0,1
S113,sheep,horse,1,1
S113,rhinoceros,leopard,0,1
S113,lion,cheetah,1,1
S113,camel,dingo,1,1
S113,dingo,kangaroo,1,1
S113,sheep,platypus,0,1
S113,mouse,possum,1,1
S113,ermine,weasel,1,1
S113,antelope,gazelle,1,1
S113,gazelle,puma,1,1
S113,koala,platypus,0,1
S113,bear,tiger,0,1
S113,guineapig,hamster,1,1
S113,sheep,goat,1,1
S113,panda,hamster,1,1
S113,antelope,beaver,1,1
S113,giraffe,zebra,1,1
S113,bear,seal,1,1
S113,gerbil,hamster,1,1
S114,leopard,horse,1,1
S114,snake,orangutan,1,1
S114,panda,tortoise,1,0
S114,camel,donkey,1,1
S114,polarbear,blackbear,1,1
S114,armadillo,brownbear,1,1
S114,ferret,deer,0,1
S114,dingo,wolf,1,1
S114,ferret,turtle,0,1
S114,alligator,penguin,1,1
S114,monkey,chimpanzee,1,0
S114,cobra,crocodile,1,0
S114,chimpanzee,gorilla,1,1
S114,fox,hawk,0,1
S114,eagle,hawk,1,1
S114,panda,leopard,0,1
S114,cobra,flamingo,1,1
S114,rabbit,fish,1,1
S114,turtle,bluebird,1,1
S114,bear,bird,1,1
S114,giraffe,tortoise,0,1
S114,donkey,horse,1,1
S114,rat,guineapig,1,1
S114,yak,snake,1,1
S114,antelope,rhinoceros,1,0
S114,armadillo,seal,1,1
S114,rabbit,dog,1,1
S114,cobra,snake,1,1
S114,robin,zebra,0,1
S114,mouse,guineapig,1,1
S114,giraffe,deer,0,1
S114,penguin,elephant,0,1
S114,snake,hyena,1,1
S114,bluebird,ostrich,1,1
S114,spidermonkey,monkey,1,1
S114,monkey,gorilla,1,1
S114,spidermonkey,snake,1,1
S114,zebra,gerbil,1,1
S114,bluebird,tortoise,1,0
S114,polarbear,panda,1,1
S114,bear,lion,0,1
S114,rat,gorilla,1,1
S114,turtle,tortoise,1,1
S114,lion,elephant,1,0
S114,armadillo,anteater,0,1
S114,panda,lemur,0,1
S114,robin,ostrich,1,1
S114,crocodile,ferret,0,1
S114,tortoise,lemur,1,1
S114,tiger,kangaroo,0,1
S114,cat,hamster,1,1
S114,polarbear,penguin,1,1
S114,polarbear,seal,1,1
S114,giraffe,zebra,1,1
S114,anteater,eagle,1,1
S114,anteater,brownbear,1,0
S114,cat,dog,1,1
S114,chimpanzee,gerbil,1,1
S114,cobra,ferret,1,0
S114,rat,mouse,1,1
S114,tiger,cheetah,1,0
S114,bear,tiger,1,1
S114,antelope,hyena,1,1
S114,owl,anteater,1,1
S114,penguin,rat,1,1
S114,mouse,bird,1,1
S114,cheetah,leopard,1,1
S114,pelican,swan,1,1
S114,tiger,lion,1,1
S114,armadillo,fox,1,1
S114,robin,bluebird,1,1
S114,dingo,panda,1,1
S114,cat,guineapig,1,1
S114,ferret,tortoise,1,0
S114,bear,blackbear,1,1
S114,mouse,hamster,0,1
S114,pelican,flamingo,1,1
S114,deer,fox,1,1
S114,zebra,bluebird,1,0
S114,swan,duck,1,1
S114,flamingo,rhinoceros,1,1
S114,panda,cheetah,1,1
S114,camel,yak,1,1
S114,deer,zebra,1,0
S114,flamingo,ostrich,1,1
S114,lion,cheetah,1,1
S114,dingo,kangaroo,1,0
S114,owl,flamingo,1,1
S114,dingo,elephant,1,1
S114,cobra,leopard,1,1
S114,giraffe,elephant,0,1
S114,crocodile,alligator,1,1
S114,polarbear,zebra,0,1
S114,brownbear,blackbear,1,1
S114,guineapig,hamster,1,1
S114,zebra,elephant,1,1
S114,deer,cheetah,0,1
S114,antelope,wolf,1,1
S114,tiger,elephant,1,1
S114,fish,hamster,0,1
S114,kangaroo,koalabear,1,1
S114,chimpanzee,orangutan,1,1
S114,dingo,rhinoceros,0,1
S114,ferret,koalabear,1,1
S114,gerbil,hamster,1,1
S115,whale,cat,1,1
S115,mouse,rat,1,1
S115,echidna,hedgehog,1,1
S115,panda,polarbear,1,1
S115,turtle,dog,1,1
S115,mongoose,bat,1,1
S115,scorpion,panda,0,1
S115,moth,alligator,0,1
S115,echidna,koala,1,1
S115,fox,kangaroo,0,1
S115,polarbear,koala,1,1
S115,moth,bee,1,1
S115,alligator,bee,0,1
S115,kangaroo,koala,0,1
S115,polarbear,grizzlybear,1,1
S115,ferret,raccoon,1,1
S115,fox,chameleon,0,1
S115,bat,bee,1,1
S115,grizzlybear,crocodile,1,1
S115,mouse,koala,0,1
S115,fish,raccoon,0,1
S115,shark,spider,1,1
S115,cheetah,bear,1,1
S115,panda,dog,1,1
S115,alligator,chameleon,0,1
S115,chameleon,crocodile,1,1
S115,panda,bear,1,1
S115,scorpion,cat,1,1
S115,shark,whale,1,1
S115,rabbit,hedgehog,1,1
S115,ocelot,wolf,0,1
S115,chameleon,hedgehog,1,1
S115,beetle,grizzlybear,1,1
S115,mouse,ferret,1,1
S115,snake,wolf,1,1
S115,dog,raccoon,1,1
S115,dog,cat,1,1
S115,kangaroo,echidna,1,0
S115,fox,echidna,1,1
S115,shark,fish,0,1
S115,mongoose,fox,1,1
S115,fish,whale,1,1
S115,rat,whale,0,1
S115,scorpion,spider,1,1
S115,fox,bat,1,1
S115,cheetah,tiger,1,1
S115,kangaroo,rabbit,1,1
S115,lion,bat,1,1
S115,bee,crocodile,1,1
S115,turtle,lizard,1,1
S115,lion,tiger,1,1
S115,mongoose,rat,1,1
S115,alligator,crocodile,1,1
S115,beetle,spider,1,1
S115,snake,lizard,1,1
S115,ocelot,snake,1,0
S116,dolphin,polarbear,0,1
S116,turkey,chicken,0,1
S116,elephant,slowloris,1,1
S116,slowloris,panda,1,1
S116,boar,hippopotamus,0,1
S116,bear,llama,1,1
S116,pig,bison,1,1
S116,bat,eagle,1,1
S116,llama,alpaca,1,1
S116,zebra,hippopotamus,1,0
S116,meerkat,hawk,1,1
S116,rabbit,seal,1,1
S116,whale,mouse,1,1
S116,slowloris,meerkat,1,1
S116,meerkat,hedgehog,1,1
S116,gerbil,elephant,1,1
S116,deer,chicken,1,0
S116,pig,cow,1,1
S116,bird,hawk,0,1
S116,elephant,alpaca,1,1
S116,zebra,cheetah,1,1
S116,lion,human,1,1
S116,ape,monkey,1,1
S116,cheetah,panther,1,0
S116,tasmaniandevil,monkey,1,0
S116,kangaroo,whale,1,1
S116,horse,pig,0,1
S116,zebra,giraffe,1,0
S116,human,ape,1,1
S116,sheep,llama,0,1
S116,monkey,panther,0,1
S116,zebra,horse,1,1
S116,horse,dog,1,1
S116,rhinoceros,meerkat,1,0
S116,chipmunk,squirrel,1,1
S116,rhinoceros,giraffe,1,1
S116,kangaroo,llama,0,1
S116,horse,cow,1,1
S116,human,boar,1,1
S116,hippopotamus,rhinoceros,1,1
S116,rhinoceros,panda,0,1
S116,walrus,hawk,1,1
S116,deer,panda,1,1
S116,bird,squirrel,1,1
S116,cheetah,elephant,1,1
S116,panther,cat,0,1
S116,squirrel,hedgehog,1,1
S116,human,chimpanzee,0,1
S116,tasmaniandevil,kangaroo,1,1
S116,boar,tasmaniandevil,1,1
S116,slowloris,chimpanzee,1,1
S116,lion,elephant,1,0
S116,dolphin,whale,1,1
S116,tasmaniandevil,hyena,1,1
S116,chipmunk,rat,0,1
S116,pig,chicken,1,1
S116,boar,meerkat,1,0
S116,polarbear,panther,0,1
S116,cow,bison,0,1
S116,bear,cat,1,1
S116,elephant,giraffe,1,1
S116,hyena,kangaroo,0,1
S116,chimpanzee,monkey,1,1
S116,panda,giraffe,0,1
S116,dog,cat,1,1
S116,lion,panther,0,1
S116,squirrel,bison,1,1
S116,rat,mouse,1,1
S116,bird,chicken,0,1
S116,polarbear,giraffe,0,1
S116,rat,squirrel,1,1
S116,dolphin,walrus,1,1
S116,dog,giraffe,0,1
S116,llama,panther,1,0
S116,polarbear,alpaca,1,1
S116,llama,pig,1,1
S116,turkey,deer,1,1
S116,ape,chimpanzee,1,1
S116,slowloris,mouse,1,1
S116,horse,bat,1,1
S116,dolphin,lion,1,1
S116,sheep,horse,1,1
S116,lion,cheetah,1,1
S116,cow,groundhog,1,1
S116,human,whale,0,1
S116,rabbit,gerbil,1,1
S116,bird,eagle,1,1
S116,monkey,panda,1,1
S116,seal,cheetah,0,1
S116,hyena,monkey,0,1
S116,eagle,hawk,1,1
S116,dolphin,llama,1,0
S116,human,bird,1,1
S117,elk,moose,0,1
S117,zebra,wolf,1,1
S117,sparrow,swallow,1,1
S117,bluejacket,sparrow,1,1
S117,ferret,polarbear,0,1
S117,ferret,weasel,1,1
S117,polarbear,blackbear,1,1
S117,polarbear,grizzlybear,0,1
S117,robin,dolphin,0,1
S117,deer,grizzlybear,1,1
S117,prayingmantis,ant,1,1
S117,shark,tuna,1,1
S117,iguana,gecko,1,1
S117,ferret,gerbil,1,1
S117,weasel,robin,1,1
S117,spider,gecko,1,1
S117,cougar,cheetah,0,1
S117,gazelle,buffalo,1,1
S117,trout,cod,1,1
S117,polarbear,tiger,1,0
S117,grizzlybear,brownbear,0,1
S117,python,cat,1,1
S117,shark,whale,1,1
S117,gazelle,armadillo,1,1
S117,deer,moose,0,1
S117,spider,beetle,1,1
S117,swallow,mouse,1,0
S117,anteater,salamander,1,1
S117,lion,tiger,1,1
S117,swallow,dolphin,1,0
S117,cougar,elephant,0,1
S117,hamster,bluejay,1,1
S117,falcon,anteater,1,1
S117,frog,penguin,1,1
S117,swallow,elephant,1,1
S117,cougar,wolf,0,1
S117,cow,horse,1,1
S117,horse,pig,1,1
S117,bear,polarbear,0,1
S117,wolf,swallow,1,0
S117,brownbear,blackbear,1,1
S117,armadillo,hyena,0,1
S117,swallow,rat,0,1
S117,wolf,dog,1,1
S117,dove,gorilla,1,1
S117,monkey,gorilla,1,1
S117,cat,mouse,0,1
S117,polarbear,anteater,1,1
S117,salamander,cod,1,1
S117,swallow,hyena,1,0
S117,lion,zebra,1,1
S117,iguana,eagle,1,1
S117,trout,dolphin,1,1
S117,trout,tuna,1,1
S117,tiger,hawk,1,1
S117,cougar,ocelot,0,1
S117,mockingbird,hawk,1,1
S117,lion,elephant,1,1
S117,elk,deer,1,1
S117,trout,salmon,1,1
S117,cougar,zebra,1,0
S117,dolphin,whale,1,1
S117,giraffe,cheetah,1,1
S117,falcon,eagle,1,1
S117,falcon,baldeagle,1,1
S117,zebra,gorilla,1,1
S117,monkey,blackwidow,1,1
S117,pig,hyena,0,1
S117,tarantula,blackwidow,1,1
S117,goldeneagle,whale,1,1
S117,iguana,rat,1,1
S117,ant,anteater,1,1
S117,beetle,weasel,1,1
S117,cow,dog,1,1
S117,tuna,salmon,1,1
S117,shark,grouper,1,1
S117,cat,dog,1,1
S117,rat,mouse,1,1
S117,goldeneagle,baldeagle,1,1
S117,beetle,fly,1,1
S117,gerbil,hamster,1,1
S117,horse,donkey,1,1
S117,tiger,cheetah,1,1
S117,grizzlybear,moose,1,1
S117,bear,tiger,1,1
S117,pig,salmon,1,1
S117,frog,gecko,1,1
S117,giraffe,lion,0,1
S117,grouper,salmon,1,1
S117,swallow,bluejay,1,1
S117,ocelot,prayingmantis,1,1
S117,wolf,hyena,0,1
S117,zebra,elephant,1,1
S117,bluejacket,mockingbird,1,1
S117,weasel,mouse,0,1
S117,spider,monkey,1,1
S117,cheetah,whale,1,1
S117,falcon,hawk,1,1
S117,elk,gazelle,1,1
S117,cow,pig,1,1
S117,tiger,blackbear,1,1
S117,swallow,weasel,1,0
S117,swallow,dove,1,1
S117,tarantula,hawk,1,1
S117,gazelle,hyena,1,0
S117,ferret,hamster,0,1
S117,cougar,prayingmantis,1,0
S117,beetle,ant,1,1
S117,gerbil,rat,1,1
S117,weasel,polarbear,1,0
S117,mouse,dog,1,1
S117,giraffe,elephant,0,1
S117,bluejay,robin,1,1
S117,spider,fly,0,1
S117,lemur,dolphin,1,1
S117,horse,buffalo,1,1
S117,eagle,swallow,1,1
S117,grizzlybear,blackbear,1,0
S117,flamingo,lemur,1,1
S117,eagle,hawk,1,1
S117,trout,anteater,1,1
S117,zebra,penguin,1,1
S117,dolphin,hyena,0,1
S117,giraffe,zebra,1,1
S118,turtle,shark,0,1
S118,pig,gopher,1,1
S118,spider,gopher,1,1
S118,chipmunk,worm,0,1
S118,ant,wasp,0,1
S118,squirrel,lion,0,1
S118,panther,worm,0,1
S118,tiger,alligator,1,1
S118,turtle,worm,1,0
S118,monkey,worm,1,0
S118,rhinoceros,elephant,1,1
S118,monkey,gopher,0,1
S118,elephant,worm,1,0
S118,pig,cow,1,1
S118,ant,butterfly,1,0
S118,moth,robin,1,1
S118,ant,elephant,0,1
S118,duck,chicken,0,1
S118,sparrow,dolphin,1,1
S118,beetle,sugarglider,1,1
S118,robin,ostrich,1,1
S118,penguin,polarbear,1,1
S118,pig,chicken,1,0
S118,robin,bluebird,1,1
S118,shark,rhinoceros,0,1
S118,elephant,gopher,1,0
S118,fish,worm,1,1
S118,spider,bee,1,1
S118,cricket,grasshopper,1,1
S118,penguin,ostrich,1,1
S118,spider,ant,1,1
S118,monkey,sugarglider,0,1
S118,horse,dog,1,1
S118,squirrel,ostrich,0,1
S118,beetle,butterfly,0,1
S118,elephant,lion,1,1
S118,butterfly,grizzlybear,1,1
S118,chipmunk,squirrel,1,1
S118,grizzlybear,brownbear,1,1
S118,elephant,dog,1,1
S118,polarbear,brownbear,1,1
S118,monkey,dolphin,0,1
S118,gorilla,monkey,1,1
S118,pig,squirrel,0,1
S118,horse,cow,1,1
S118,beetle,ant,1,1
S118,tiger,crow,0,1
S118,dog,cat,1,1
S118,polarbear,tiger,1,1
S118,squirrel,gopher,1,1
S118,duck,horse,1,1
S118,shark,fish,0,1
S118,turtle,gorilla,0,1
S118,cricket,fly,1,1
S118,shark,worm,1,0
S118,donkey,cow,0,1
S118,panther,rhinoceros,1,1
S118,bee,wasp,1,1
S118,horse,donkey,1,0
S118,beetle,worm,1,1
S118,shark,crocodile,1,1
S118,sparrow,crow,1,1
S118,crocodile,alligator,1,1
S118,rhinoceros,tiger,1,1
S118,elephant,penguin,0,1
S118,spider,worm,1,1
S118,crow,bluebird,1,1
S118,turtle,frog,1,1
S118,moth,fly,1,1
S118,shark,dolphin,1,1
S118,horse,gopher,1,0
S118,ostrich,cat,1,1
S118,penguin,worm,1,1
S118,elephant,ostrich,0,1
S118,pig,chipmunk,0,1
S118,horse,cat,0,1
S118,beetle,fly,1,1
S118,gopher,donkey,0,1
S118,tiger,lion,1,1
S118,frog,fly,0,1
S119,jaguar,parrot,1,1
S119,hippopotamus,giraffe,0,1
S119,frog,snake,0,1
S119,frog,squirrel,1,1
S119,opossum,spider,1,1
S119,whale,fly,0,1
S119,pig,turkey,1,1
S119,lion,spider,1,1
S119,opossum,bear,1,1
S119,crow,elephant,1,1
S119,swan,elephant,1,1
S119,pig,cow,1,1
S119,horse,parrot,1,1
S119,duck,turkey,0,1
S119,duck,chicken,1,1
S119,donkey,horse,1,0
S119,rhinoceros,elephant,0,1
S119,shark,jaguar,0,1
S119,pig,chicken,1,1
S119,opossum,snake,1,0
S119,snake,meerkat,0,1
S119,goose,swan,1,1
S119,ant,emu,1,1
S119,elephant,tiger,0,1
S119,rhinoceros,hippopotamus,1,1
S119,tiger,jaguar,1,1
S119,horse,penguin,0,1
S119,chicken,turkey,0,1
S119,shark,snake,1,1
S119,opossum,skunk,1,1
S119,raven,penguin,1,1
S119,mouse,snake,0,1
S119,emu,skunk,1,1
S119,fly,ant,0,1
S119,elephant,lion,1,1
S119,monkey,gorilla,1,1
S119,dolphin,lion,1,1
S119,whale,lizard,1,1
S119,fly,lizard,1,0
S119,rat,spider,1,1
S119,horse,cow,1,1
S119,monkey,tiger,1,1
S119,bear,giraffe,1,1
S119,rhinoceros,meerkat,1,1
S119,fish,spider,1,1
S119,shark,meerkat,1,0
S119,penguin,emu,1,1
S119,penguin,parrot,1,1
S119,shark,fish,1,1
S119,fly,emu,1,0
S119,rat,mouse,1,1
S119,pig,lizard,0,1
S119,opossum,squirrel,1,1
S119,rhinoceros,lion,1,1
S119,shark,whale,1,1
S119,emu,gorilla,1,1
S119,donkey,emu,0,1
S119,opossum,lizard,1,1
S119,donkey,cow,0,1
S119,hippopotamus,skunk,1,1
S119,parrot,cat,1,1
S119,dog,cat,1,1
S119,fish,parrot,0,1
S119,lizard,skunk,1,0
S119,dolphin,whale,1,1
S119,emu,lizard,0,1
S119,fish,cat,1,1
S119,lion,tiger,1,1
S119,snake,jaguar,1,0
S119,turkey,bear,0,1
S119,crow,raven,1,1
S119,snake,lizard,1,1
S119,rhinoceros,tiger,0,1
S119,opossum,cow,1,0
S119,goose,chicken,1,1
S120,gazelle,zebra,1,1
S120,stingray,clownfish,1,1
S120,koala,kangaroo,1,1
S120,tiger,alligator,1,1
S120,falcon,salmon,1,1
S120,seagull,penguin,1,1
S120,chinchilla,pig,1,1
S120,rat,seagull,0,1
S120,chicken,pig,1,0
S120,bull,goat,1,1
S120,orca,stingray,1,1
S120,duck,swan,0,1
S120,gazelle,lion,0,1
S120,chameleon,rabbit,1,1
S120,frog,toad,1,1
S120,rabbit,hamster,1,1
S120,shark,whale,1,0
S120,iguana,mouse,0,1
S120,giraffe,cow,1,1
S120,seagull,seal,0,1
S120,shark,dolphin,1,1
S120,pig,cow,1,1
S120,panda,salmon,0,1
S120,donkey,ibex,1,1
S120,dolphin,hawk,1,1
S120,falcon,penguin,0,1
S120,monkey,cow,1,1
S120,tiger,panda,0,1
S120,rat,gerbil,0,1
S120,stingray,whale,0,1
S120,sheep,donkey,0,1
S120,squirrel,gerbil,1,1
S120,horse,panther,1,1
S120,parrot,seagull,0,1
S120,crocodile,mouse,1,1
S120,bear,parrot,0,1
S120,donkey,goose,1,1
S120,horse,cow,1,1
S120,seal,penguin,1,1
S120,bull,kangaroo,1,1
S120,otter,gerbil,1,1
S120,frog,salmon,1,1
S120,shark,stingray,1,1
S120,gazelle,koala,1,1
S120,hawk,ostrich,1,1
S120,bull,ibex,1,1
S120,rabbit,cat,1,1
S120,sheep,cow,1,1
S120,dolphin,eagle,0,1
S120,blowfish,stingray,1,1
S120,sheep,goat,1,1
S120,gazelle,horse,0,1
S120,otter,stingray,1,0
S120,falcon,seagull,1,0
S120,dolphin,whale,1,1
S120,duck,chicken,0,1
S120,chicken,goose,1,1
S120,iguana,snake,1,1
S120,swan,goose,1,0
S120,iguana,parrot,0,1
S120,cat,hamster,1,1
S120,bear,cat,1,1
S120,crocodile,tadpole,1,1
S120,cat,dog,1,1
S120,duck,goose,1,0
S120,monkey,eel,1,1
S120,rabbit,parrot,1,1
S120,toad,alligator,1,1
S120,tiger,zebra,1,1
S120,gerbil,hamster,1,1
S120,ibex,goat,1,1
S120,horse,donkey,1,1
S120,otter,orca,0,1
S120,frog,tadpole,1,1
S120,zebra,panda,1,1
S120,rat,hamster,1,1
S120,tiger,lion,1,1
S120,chameleon,snake,1,1
S120,swan,squirrel,1,1
S120,otter,whale,1,1
S120,falcon,hawk,1,1
S120,otter,seal,1,1
S120,falcon,ostrich,0,1
S120,parrot,hawk,0,1
S120,bear,dolphin,1,1
S120,chinchilla,mouse,1,1
S120,penguin,ostrich,1,1
S120,iguana,seagull,1,0
S120,otter,eel,1,1
S120,pig,lion,1,1
S120,frog,clownfish,1,1
S120,chinchilla,ferret,0,1
S120,falcon,parrot,1,1
S120,rabbit,gerbil,0,1
S120,falcon,dog,1,1
S120,peacock,panther,1,1
S120,ferret,snake,1,1
S120,crocodile,alligator,1,1
S120,peacock,koala,1,1
S120,chinchilla,snake,1,1
S120,blowfish,penguin,1,1
S120,eagle,hawk,1,1
S120,iguana,rabbit,1,0
S120,giraffe,zebra,1,1
S120,rat,mouse,1,1
