numlinks,prob_rewire,graphtype,numgraphs,numnodes,trim,jump,startX,numx,jumptype,irttype,irt_weight,beta,rcutoff,numedges,graph_seed,x_seed,truegraph,ll_tg,ll_tg_prior,ll_tg_irt,ll_tg_irt_prior,cost_uinvite,time_uinvite,bestgraph_uinvite,hit_uinvite,miss_uinvite,fa_uinvite,cr_uinvite,ll_uinvite
numlinks,prob_rewire,graphtype,numgraphs,numnodes,trim,jump,startX,numx,jumptype,irttype,irt_weight,beta,rcutoff,numedges,graph_seed,x_seed,truegraph,ll_tg,ll_tg_prior,ll_tg_irt,ll_tg_irt_prior,cost_uinvite,time_uinvite,bestgraph_uinvite,hit_uinvite,miss_uinvite,fa_uinvite,cr_uinvite,ll_uinvite
numlinks,prob_rewire,graphtype,numgraphs,numnodes,trim,jump,startX,numx,jumptype,irttype,irt_weight,beta,rcutoff,numedges,graph_seed,x_seed,truegraph,ll_tg,ll_tg_prior,ll_tg_irt,ll_tg_irt_prior,cost_uinvite,time_uinvite,bestgraph_uinvite,hit_uinvite,miss_uinvite,fa_uinvite,cr_uinvite,ll_uinvite
numlinks,prob_rewire,graphtype,numgraphs,numnodes,trim,jump,startX,numx,jumptype,irttype,irt_weight,beta,rcutoff,numedges,graph_seed,x_seed,truegraph,ll_tg,ll_tg_prior,ll_tg_irt,ll_tg_irt_prior,cost_uinvite,time_uinvite,bestgraph_uinvite,hit_uinvite,miss_uinvite,fa_uinvite,cr_uinvite,ll_uinvite
numlinks,prob_rewire,graphtype,numgraphs,numnodes,trim,jump,startX,numx,jumptype,irttype,irt_weight,beta,rcutoff,numedges,graph_seed,x_seed,truegraph,ll_tg,ll_tg_prior,ll_tg_irt,ll_tg_irt_prior,cost_uinvite,time_uinvite,bestgraph_uinvite,hit_uinvite,miss_uinvite,fa_uinvite,cr_uinvite,ll_uinvite
numlinks,prob_rewire,graphtype,numgraphs,numnodes,trim,jump,startX,numx,jumptype,irttype,irt_weight,beta,rcutoff,numedges,graph_seed,x_seed,truegraph,ll_tg,ll_tg_prior,ll_tg_irt,ll_tg_irt_prior,cost_uinvite,time_uinvite,bestgraph_uinvite,hit_uinvite,miss_uinvite,fa_uinvite,cr_uinvite,ll_uinvite
numlinks,prob_rewire,graphtype,numgraphs,numnodes,trim,jump,startX,numx,jumptype,irttype,irt_weight,beta,rcutoff,numedges,graph_seed,x_seed,truegraph,ll_tg,ll_tg_prior,ll_tg_irt,ll_tg_irt_prior,cost_uinvite,time_uinvite,bestgraph_uinvite,hit_uinvite,miss_uinvite,fa_uinvite,cr_uinvite,ll_uinvite
numlinks,prob_rewire,graphtype,numgraphs,numnodes,trim,jump,startX,numx,jumptype,irttype,irt_weight,beta,rcutoff,numedges,graph_seed,x_seed,truegraph,ll_tg,ll_tg_prior,ll_tg_irt,ll_tg_irt_prior,cost_uinvite,time_uinvite,bestgraph_uinvite,hit_uinvite,miss_uinvite,fa_uinvite,cr_uinvite,ll_uinvite
numlinks,prob_rewire,graphtype,numgraphs,numnodes,trim,jump,startX,numx,jumptype,irttype,irt_weight,beta,rcutoff,numedges,graph_seed,x_seed,truegraph,ll_tg,ll_tg_prior,ll_tg_irt,ll_tg_irt_prior,cost_uinvite,time_uinvite,bestgraph_uinvite,hit_uinvite,miss_uinvite,fa_uinvite,cr_uinvite,ll_uinvite
numlinks,prob_rewire,graphtype,numgraphs,numnodes,trim,jump,startX,numx,jumptype,irttype,irt_weight,beta,rcutoff,numedges,graph_seed,x_seed,truegraph,ll_tg,ll_tg_prior,ll_tg_irt,ll_tg_irt_prior,cost_uinvite,time_uinvite,bestgraph_uinvite,hit_uinvite,miss_uinvite,fa_uinvite,cr_uinvite,ll_uinvite
numlinks,prob_rewire,graphtype,numgraphs,numnodes,trim,jump,startX,numx,jumptype,irttype,irt_weight,beta,rcutoff,numedges,graph_seed,x_seed,truegraph,ll_tg,ll_tg_prior,ll_tg_irt,ll_tg_irt_prior,cost_uinvite,time_uinvite,bestgraph_uinvite,hit_uinvite,miss_uinvite,fa_uinvite,cr_uinvite,ll_uinvite
numlinks,prob_rewire,graphtype,numgraphs,numnodes,trim,jump,startX,numx,jumptype,irttype,irt_weight,beta,rcutoff,numedges,graph_seed,x_seed,truegraph,ll_tg,ll_tg_prior,ll_tg_irt,ll_tg_irt_prior,cost_uinvite,time_uinvite,bestgraph_uinvite,hit_uinvite,miss_uinvite,fa_uinvite,cr_uinvite,ll_uinvite
numlinks,prob_rewire,graphtype,numgraphs,numnodes,trim,jump,startX,numx,jumptype,irttype,irt_weight,beta,rcutoff,numedges,graph_seed,x_seed,truegraph,ll_tg,ll_tg_prior,ll_tg_irt,ll_tg_irt_prior,cost_uinvite,time_uinvite,bestgraph_uinvite,hit_uinvite,miss_uinvite,fa_uinvite,cr_uinvite,ll_uinvite
6,0.3,steyvers,10,30,0.7,0.0,stationary,20,stationary,gamma,0.9,0.909090909091,20,113,1,1,>>sparse6<<:]__@_@A_@AB_@ABC_@A_BE_BF`AEG_ADFGfGHcDEH_FI_CDG_ADLaBD_AEFH`DKMaEIOPbEHP`ABKM_@COQ_ABEFU_CDGQbFJMfGJbEHS_ACGOZeHS,-974.653964444,,,,49.0,0:00:51.800775,>>sparse6<<:]a?@_@A_@AB_@AB_@_BE_BCaEG_ADFGfGHcDEH_FIbCDIaBDLMaBDEaBEFG`BCDKMaEFHI`BEFHP`BEHM_@CDQR_ABEFKU_@ACDGMQbFIJMSfGJeGMSY_CGOPTWZeHPS,95.0,18.0,31.0,291.0,-999.517408236
6,0.3,steyvers,10,30,0.7,0.0,stationary,20,stationary,gamma,0.9,0.909090909091,20,99,2,2,>>sparse6<<:]__@_@A_@AB_@ABC_@A`AaD`A_@CEH_CDaBCI_CJ`CDG_AC`CDGM_ACaDGOaBCPaEJLPdGOQgOQTaKgQTUcEM`AHIdTUgNPRV_PR,-911.694420518,,,,31.0,0:00:48.649089,>>sparse6<<:]a@_@A`AB_@ABC`A`d`_@CH_ACDaBC_CJ`CDGJ_AE`CDGM_@ACGNaDO`ACJNPaEJLPdGQgOQTcKqTUVeM`AHIdTUcGNRV_ER,81.0,18.0,13.0,323.0,-958.02385878
6,0.3,steyvers,10,30,0.7,0.0,stationary,20,stationary,gamma,0.9,0.909090909091,20,88,3,3,>>sparse6<<:]__@_@A_@AB_@ABCbD`AB_BCF`AF`F`AcDG`_ADbCDG_@ABE`AH`A_@CN_@CN`ADS`AHb`AHPhUdGMRnRS_@CNbCE,-957.964433817,,,,39.0,0:00:52.717601,>>sparse6<<:]a?_@A_@AB_@ABCbD_@AB_BCF`AF_F`AcDGdFI_ADcDEI_@ABEaGH`AI_@CDN_@N`ADEPSaHJLMOQbM`AHPhUdGMRTUkRT_@CKNTWbCDEJK,77.0,11.0,28.0,319.0,-996.335987206
6,0.3,steyvers,10,30,0.7,0.0,stationary,20,stationary,gamma,0.9,0.909090909091,20,102,4,4,>>sparse6<<:]__@_@A_@AB_@ABC_D_B_CD_CG_CDGH_@ABCgHIbFGIJbFGL_ABDbCI_A_CDL_CJQ_CDEIbIO_@LR_GIKM_DnQRW_DW_A`DEFIS`BCD,-935.505839096,,,,31.0,0:00:45.636900,>>sparse6<<:]a@`_@AaBC_Db_CD_G_@CDFGH_@ABCDgHIbFGJbGL_ABcHI_AbD_BCFJQ_CDEI`BO_@LR_GIKM_D_NQRW_DTW_A`BDEILS`BCDY,84.0,18.0,13.0,320.0,-993.622906138
6,0.3,steyvers,10,30,0.7,0.0,stationary,20,stationary,gamma,0.9,0.909090909091,20,111,5,5,>>sparse6<<:]__@_@A_@AB_@ABCaCDbCD_ABD_CGbCG_@ACGaBCDG_ACDbCGK`CDIaBGIM_DEN_BCDbMOQ_ABG_ABD_@BiR_@CDJL`BCJbFGLNcMTYbMRV`AGQT,-988.743968367,,,,42.0,0:00:44.195322,>>sparse6<<:]a?@_@A_@B_@ABCaCDbCD_ADF_CEG`BCG`AGHaBCDG_@ADEFbCK`BCIJaBGIMdEFLN_BCDFJPmOQ_ABGaBDKR_@BiR_@DEJLPT_@CGJMPaFGKLMNcMPTbMRV`AGQT,96.0,15.0,27.0,297.0,-1000.29638409
numlinks,prob_rewire,graphtype,numgraphs,numnodes,trim,jump,startX,numx,jumptype,irttype,irt_weight,beta,rcutoff,numedges,graph_seed,x_seed,truegraph,ll_tg,ll_tg_prior,ll_tg_irt,ll_tg_irt_prior,cost_uinvite,time_uinvite,bestgraph_uinvite,hit_uinvite,miss_uinvite,fa_uinvite,cr_uinvite,ll_uinvite
numlinks,prob_rewire,graphtype,numgraphs,numnodes,trim,jump,startX,numx,jumptype,irttype,irt_weight,beta,rcutoff,numedges,graph_seed,x_seed,truegraph,ll_tg,ll_tg_prior,ll_tg_irt,ll_tg_irt_prior,cost_uinvite,time_uinvite,bestgraph_uinvite,hit_uinvite,miss_uinvite,fa_uinvite,cr_uinvite,ll_uinvite
numlinks,prob_rewire,graphtype,numgraphs,numnodes,trim,jump,startX,numx,jumptype,irttype,irt_weight,beta,rcutoff,numedges,graph_seed,x_seed,truegraph,ll_tg,ll_tg_prior,ll_tg_irt,ll_tg_irt_prior,cost_uinvite,time_uinvite,bestgraph_uinvite,hit_uinvite,miss_uinvite,fa_uinvite,cr_uinvite,ll_uinvite
6,0.3,steyvers,10,30,0.7,0.0,stationary,20,stationary,gamma,0.9,0.909090909091,20,100,1,1,>>sparse6<<:]__@_@A_@AB_@ABC_@BCDaD`CE`ABEaEH`AB_@DE`DG`D_CK_ADKaCDJO_@AC_BJQ_JR_QRaDOQ_BMdNQT_DIJaEHQaBDENjdEJLM,-952.104073353,,,,37.0,0:00:58.530296,>>sparse6<<:]a@_A_@A`ABC_BCaD`CEFaBEFcH`AB`DE`DG`DE_DK_ADKaCJO_@AC_BCJQ_J_QRaDOQ_AMdNQTV_DHIJVaEOQaBCDEHNx`DEHIMP,81.0,19.0,18.0,317.0,-996.248811417
numlinks,prob_rewire,graphtype,numgraphs,numnodes,trim,jump,startX,numx,jumptype,irttype,irt_weight,beta,rcutoff,numedges,graph_seed,x_seed,truegraph,ll_tg,ll_tg_prior,ll_tg_irt,ll_tg_irt_prior,cost_uinvite,time_uinvite,bestgraph_uinvite,hit_uinvite,miss_uinvite,fa_uinvite,cr_uinvite,ll_uinvite
6,0.3,steyvers,10,30,0.7,0.0,stationary,20,stationary,gamma,0.9,0.909090909091,20,104,1,1,>>sparse6<<:]__@_@A_@AB_@ABC_@CD_A_ADFaBEbHaBHI_@I_ABCE_@ADL_AFaEJ`DGHJL`ACDKP`EkQaKPbC_ADGMdELQU_@FNQhJU`ACPQ`LQ`ACP,-953.279709098,,,,49.0,0:01:41.446687,>>sparse6<<:]b?@A_AB_@AB_CD_A_DF`ABEFbHaHI_@IaBCE_@ACDL_AFGJeJL_@AGJL_@ACDK`CEhKPQkPcH`DGKMlQU`FNPQVWhJOU`CDLPQ`CLQW`ADFPUW,82.0,22.0,27.0,304.0,-988.841416883
6,0.3,steyvers,10,30,0.7,0.0,stationary,20,stationary,gamma,0.9,0.909090909091,20,99,2,2,>>sparse6<<:]__@_@A_@AB_@ABCaB_@BE`B_BC_CDH_@AG_BCD`CH_@bHIbCDfJM_MaBCG_AEHR_AEH`ST`CKOaRUbJLMbCDH_@HIJTbHLSZ_BF,-943.157579437,,,,36.0,0:00:31.268899,>>sparse6<<:]b?@A_@A`BCa_@BE_@BbC_DH_AGcDH`CH_@gHIbCDfJM_KMaBCDG_ADEHR_AEH`STbOaRUbGJLMV`ACDHIKX_@HKThKLSZ_BF,79.0,20.0,16.0,320.0,-990.090047001
6,0.3,steyvers,10,30,0.7,0.0,stationary,20,stationary,gamma,0.9,0.909090909091,20,98,3,3,>>sparse6<<:]__@_@A_@AB_@ABC_A_ABCDaBE`CaG`ABD_BCFaEGIbDFG`BK_@AD`BCKbD`EGJOaBORaCDK_AOR_@DSaRdEFLTUgR`BCSbI`ES,-958.416675495,,,,39.0,0:01:14.158344,>>sparse6<<:]_b?@A_AB_@ABC_AbCaBDE`BCaD`ABI_BFaEGI_DFGbK`B`BCKf`AEFGJO_AJORaCK_OR_@DSjORdEFLTUgR`BCQSbIJr,75.0,23.0,16.0,321.0,-994.082858651
6,0.3,steyvers,10,30,0.7,0.0,stationary,20,stationary,gamma,0.9,0.909090909091,20,102,4,4,>>sparse6<<:]__@_@A_@AB_@ABC_B_@BC`BC_CFG_@DbCcFH_C_@AB_@ABM`CDcLaCFO_AMNOfGHK_@FH_BDHLbDN`HJOPQcDLNU`BC_BE`BCDVX`B,-995.995952605,,,,39.0,0:01:06.166643,>>sparse6<<:]a@_@A_AB`AC_B`B_@cFG_@AbCcH_H_@AB_@BKM`CDFcLOaCF_AMNOfGHK_BEFH_BDHLbDN`HJOPQcLNUW`BCDG_BEY`BEGNUVX_@UY,82.0,20.0,19.0,314.0,-1027.40501731
6,0.3,steyvers,10,30,0.7,0.0,stationary,20,stationary,gamma,0.9,0.909090909091,20,92,5,5,>>sparse6<<:]__@_@A_@AB_@ABC_ABCD_@E`AB`BC_BG_E_BE_ACE`BH_DEaCEL_ACEOcEL_CDbPcEOPbS`ApSaDOPTaBGIePQT`BM`[,-937.722157566,,,,37.0,0:00:43.526219,>>sparse6<<:]__@_A`AB`ABC_@AD_@bCD`B_G_AEF_BDEaCEbH_DaCDFL_ACEFIOcELP_@CDNbPcEOPbS`ABoSdPTaGIMeNPQT`BM`M,73.0,19.0,18.0,325.0,-986.980143623
6,0.3,steyvers,10,30,0.7,0.0,stationary,20,stationary,gamma,0.9,0.909090909091,20,107,6,6,>>sparse6<<:]__@_@A_@AB_@ABC_@BaC`BCE`CDcF`BEGaBD`BCFaCEHJ`BEK_GJNcDGHIbKNaDFKMaFKMRgMaEHRT`EMUfMU_@ELN_BMRaKNQaDQRZaBM[,-917.756964754,,,,21.0,0:01:04.428472,>>sparse6<<:]__@_@A_@ABaBCbaC`BE`Df`BEbD`BCFH`CEHJ`BEK_GJNdGHIMbNaDFHKMaFMRgMaERT`EMUfMU_@ELN_ABMRaKQaDQRZaBMP[,92.0,15.0,6.0,322.0,-966.849386542
numlinks,prob_rewire,graphtype,numgraphs,numnodes,trim,jump,startX,numx,jumptype,irttype,irt_weight,beta,rcutoff,numedges,graph_seed,x_seed,truegraph,ll_tg,ll_tg_prior,ll_tg_irt,ll_tg_irt_prior,cost_uinvite,time_uinvite,bestgraph_uinvite,hit_uinvite,miss_uinvite,fa_uinvite,cr_uinvite,ll_uinvite
6,0.3,steyvers,10,30,0.7,0.0,stationary,20,stationary,gamma,0.9,0.909090909091,20,102,1,1,>>sparse6<<:]__@_@A_@AB_@ABC`A_@C_@ABC`ABC_CDFeGH`BH_@DFbDFH_AcFI`ILMaBDOcFGP_BFGNfIO`BaCFIaCI`ACHK`AHaLMQaEFPXaBEY,-944.853795082,,,,37.0,0:00:23.257128,>>sparse6<<:]a@_@_@AB_@ABCa`CD_ABC`AB_CFbEGH`B`DFbDFH_@HcDI`GIMaBDOcFGOP_BFNfIO`BHcEFGI_AGI`ABCHKP`HNQaMNQaEFPXaCEY,83.0,19.0,18.0,315.0,-994.411578241
numlinks,prob_rewire,graphtype,numgraphs,numnodes,trim,jump,startX,numx,jumptype,irttype,irt_weight,beta,rcutoff,numedges,graph_seed,x_seed,truegraph,ll_tg,ll_tg_prior,ll_tg_irt,ll_tg_irt_prior,cost_uinvite,time_uinvite,bestgraph_uinvite,hit_uinvite,miss_uinvite,fa_uinvite,cr_uinvite,ll_uinvite
numlinks,prob_rewire,graphtype,numgraphs,numnodes,trim,jump,startX,numx,jumptype,irttype,irt_weight,beta,rcutoff,numedges,graph_seed,x_seed,truegraph,ll_tg,ll_tg_prior,ll_tg_irt,ll_tg_irt_prior,cost_uinvite,time_uinvite,bestgraph_uinvite,hit_uinvite,miss_uinvite,fa_uinvite,cr_uinvite,ll_uinvite
numlinks,prob_rewire,graphtype,numgraphs,numnodes,trim,jump,startX,numx,jumptype,irttype,irt_weight,beta,rcutoff,numedges,graph_seed,x_seed,truegraph,ll_tg,ll_tg_prior,ll_tg_irt,ll_tg_irt_prior,cost_uinvite,time_uinvite,bestgraph_uinvite,hit_uinvite,miss_uinvite,fa_uinvite,cr_uinvite,ll_uinvite
numlinks,prob_rewire,graphtype,numgraphs,numnodes,trim,jump,startX,numx,jumptype,irttype,irt_weight,beta,rcutoff,numedges,graph_seed,x_seed,truegraph,ll_tg,ll_tg_prior,ll_tg_irt,ll_tg_irt_prior,cost_uinvite,time_uinvite,bestgraph_uinvite,hit_uinvite,miss_uinvite,fa_uinvite,cr_uinvite,ll_uinvite
numlinks,prob_rewire,graphtype,numgraphs,numnodes,trim,jump,startX,numx,jumptype,irttype,irt_weight,beta,rcutoff,numedges,graph_seed,x_seed,truegraph,ll_tg,ll_tg_prior,ll_tg_irt,ll_tg_irt_prior,cost_uinvite,time_uinvite,bestgraph_uinvite,hit_uinvite,miss_uinvite,fa_uinvite,cr_uinvite,ll_uinvite
numlinks,prob_rewire,graphtype,numgraphs,numnodes,trim,jump,startX,numx,jumptype,irttype,irt_weight,beta,rcutoff,numedges,graph_seed,x_seed,truegraph,ll_tg,ll_tg_prior,ll_tg_irt,ll_tg_irt_prior,cost_uinvite,time_uinvite,bestgraph_uinvite,hit_uinvite,miss_uinvite,fa_uinvite,cr_uinvite,ll_uinvite
numlinks,prob_rewire,graphtype,numgraphs,numnodes,trim,jump,startX,numx,jumptype,irttype,irt_weight,beta,rcutoff,numedges,graph_seed,x_seed,truegraph,ll_tg,ll_tg_prior,ll_tg_irt,ll_tg_irt_prior,cost_uinvite,time_uinvite,bestgraph_uinvite,hit_uinvite,miss_uinvite,fa_uinvite,cr_uinvite,ll_uinvite
numlinks,prob_rewire,graphtype,numgraphs,numnodes,trim,jump,startX,numx,jumptype,irttype,irt_weight,beta,rcutoff,numedges,graph_seed,x_seed,truegraph,ll_tg,ll_tg_prior,ll_tg_irt,ll_tg_irt_prior,cost_uinvite,time_uinvite,bestgraph_uinvite,hit_uinvite,miss_uinvite,fa_uinvite,cr_uinvite,ll_uinvite
numlinks,prob_rewire,graphtype,numgraphs,numnodes,trim,jump,startX,numx,jumptype,irttype,irt_weight,beta,rcutoff,numedges,graph_seed,x_seed,truegraph,ll_tg,ll_tg_prior,ll_tg_irt,ll_tg_irt_prior,cost_uinvite,time_uinvite,bestgraph_uinvite,hit_uinvite,miss_uinvite,fa_uinvite,cr_uinvite,ll_uinvite
numlinks,prob_rewire,graphtype,numgraphs,numnodes,trim,jump,startX,numx,jumptype,irttype,irt_weight,beta,rcutoff,numedges,graph_seed,x_seed,truegraph,ll_tg,ll_tg_prior,ll_tg_irt,ll_tg_irt_prior,cost_uinvite,time_uinvite,bestgraph_uinvite,hit_uinvite,miss_uinvite,fa_uinvite,cr_uinvite,ll_uinvite
numlinks,prob_rewire,graphtype,numgraphs,numnodes,trim,jump,startX,numx,jumptype,irttype,irt_weight,beta,rcutoff,numedges,graph_seed,x_seed,truegraph,ll_tg,ll_tg_prior,ll_tg_irt,ll_tg_irt_prior,cost_uinvite,time_uinvite,bestgraph_uinvite,hit_uinvite,miss_uinvite,fa_uinvite,cr_uinvite,ll_uinvite
numlinks,prob_rewire,graphtype,numgraphs,numnodes,trim,jump,startX,numx,jumptype,irttype,irt_weight,beta,rcutoff,numedges,graph_seed,x_seed,truegraph,ll_tg,ll_tg_prior,ll_tg_irt,ll_tg_irt_prior,cost_uinvite,time_uinvite,bestgraph_uinvite,hit_uinvite,miss_uinvite,fa_uinvite,cr_uinvite,ll_uinvite
numlinks,prob_rewire,graphtype,numgraphs,numnodes,trim,jump,startX,numx,jumptype,irttype,irt_weight,beta,rcutoff,numedges,graph_seed,x_seed,truegraph,ll_tg,ll_tg_prior,ll_tg_irt,ll_tg_irt_prior,cost_uinvite,time_uinvite,bestgraph_uinvite,hit_uinvite,miss_uinvite,fa_uinvite,cr_uinvite,ll_uinvite
numlinks,prob_rewire,graphtype,numgraphs,numnodes,trim,jump,startX,numx,jumptype,irttype,irt_weight,beta,rcutoff,numedges,graph_seed,x_seed,truegraph,ll_tg,ll_tg_prior,ll_tg_irt,ll_tg_irt_prior,cost_uinvite,time_uinvite,bestgraph_uinvite,hit_uinvite,miss_uinvite,fa_uinvite,cr_uinvite,ll_uinvite
numlinks,prob_rewire,graphtype,numgraphs,numnodes,trim,jump,startX,numx,jumptype,irttype,irt_weight,beta,rcutoff,numedges,graph_seed,x_seed,truegraph,ll_tg,ll_tg_prior,ll_tg_irt,ll_tg_irt_prior,cost_uinvite,time_uinvite,bestgraph_uinvite,hit_uinvite,miss_uinvite,fa_uinvite,cr_uinvite,ll_uinvite
numlinks,prob_rewire,graphtype,numgraphs,numnodes,trim,jump,startX,numx,jumptype,irttype,irt_weight,beta,rcutoff,numedges,graph_seed,x_seed,truegraph,ll_tg,ll_tg_prior,ll_tg_irt,ll_tg_irt_prior,cost_uinvite,time_uinvite,bestgraph_uinvite,hit_uinvite,miss_uinvite,fa_uinvite,cr_uinvite,ll_uinvite
numlinks,prob_rewire,graphtype,numgraphs,numnodes,trim,jump,startX,numx,jumptype,irttype,irt_weight,beta,rcutoff,numedges,graph_seed,x_seed,truegraph,ll_tg,ll_tg_prior,ll_tg_irt,ll_tg_irt_prior,cost_uinvite,time_uinvite,bestgraph_uinvite,hit_uinvite,miss_uinvite,fa_uinvite,cr_uinvite,ll_uinvite
numlinks,prob_rewire,graphtype,numgraphs,numnodes,trim,jump,startX,numx,jumptype,irttype,irt_weight,beta,rcutoff,numedges,graph_seed,x_seed,truegraph,ll_tg,ll_tg_prior,ll_tg_irt,ll_tg_irt_prior,cost_uinvite,time_uinvite,bestgraph_uinvite,hit_uinvite,miss_uinvite,fa_uinvite,cr_uinvite,ll_uinvite
numlinks,prob_rewire,graphtype,numgraphs,numnodes,trim,jump,startX,numx,jumptype,irttype,irt_weight,beta,rcutoff,numedges,graph_seed,x_seed,truegraph,ll_tg,ll_tg_prior,ll_tg_irt,ll_tg_irt_prior,cost_uinvite,time_uinvite,bestgraph_uinvite,hit_uinvite,miss_uinvite,fa_uinvite,cr_uinvite,ll_uinvite
numlinks,prob_rewire,graphtype,numgraphs,numnodes,trim,jump,startX,numx,jumptype,irttype,irt_weight,beta,rcutoff,numedges,graph_seed,x_seed,truegraph,ll_tg,ll_tg_prior,ll_tg_irt,ll_tg_irt_prior,cost_uinvite,time_uinvite,bestgraph_uinvite,hit_uinvite,miss_uinvite,fa_uinvite,cr_uinvite,ll_uinvite
numlinks,prob_rewire,graphtype,numgraphs,numnodes,trim,jump,startX,numx,jumptype,irttype,irt_weight,beta,rcutoff,numedges,graph_seed,x_seed,truegraph,ll_tg,ll_tg_prior,ll_tg_irt,ll_tg_irt_prior,cost_uinvite,time_uinvite,bestgraph_uinvite,hit_uinvite,miss_uinvite,fa_uinvite,cr_uinvite,ll_uinvite
numlinks,prob_rewire,graphtype,numgraphs,numnodes,trim,jump,startX,numx,jumptype,irttype,irt_weight,beta,rcutoff,numedges,graph_seed,x_seed,truegraph,ll_tg,ll_tg_prior,ll_tg_irt,ll_tg_irt_prior,cost_uinvite,time_uinvite,bestgraph_uinvite,hit_uinvite,miss_uinvite,fa_uinvite,cr_uinvite,ll_uinvite
numlinks,prob_rewire,graphtype,numgraphs,numnodes,trim,jump,startX,numx,jumptype,irttype,irt_weight,beta,rcutoff,numedges,graph_seed,x_seed,truegraph,ll_tg,ll_tg_prior,ll_tg_irt,ll_tg_irt_prior,cost_uinvite,time_uinvite,bestgraph_uinvite,hit_uinvite,miss_uinvite,fa_uinvite,cr_uinvite,ll_uinvite
numlinks,prob_rewire,graphtype,numgraphs,numnodes,trim,jump,startX,numx,jumptype,irttype,irt_weight,beta,rcutoff,numedges,graph_seed,x_seed,truegraph,ll_tg,ll_tg_prior,ll_tg_irt,ll_tg_irt_prior,cost_uinvite,time_uinvite,bestgraph_uinvite,hit_uinvite,miss_uinvite,fa_uinvite,cr_uinvite,ll_uinvite
numlinks,prob_rewire,graphtype,numgraphs,numnodes,trim,jump,startX,numx,jumptype,irttype,irt_weight,beta,rcutoff,numedges,graph_seed,x_seed,truegraph,ll_tg,ll_tg_prior,ll_tg_irt,ll_tg_irt_prior,cost_uinvite,time_uinvite,bestgraph_uinvite,hit_uinvite,miss_uinvite,fa_uinvite,cr_uinvite,ll_uinvite
numlinks,prob_rewire,graphtype,numgraphs,numnodes,trim,jump,startX,numx,jumptype,irttype,irt_weight,beta,rcutoff,numedges,graph_seed,x_seed,truegraph,ll_tg,ll_tg_prior,ll_tg_irt,ll_tg_irt_prior,cost_uinvite,time_uinvite,bestgraph_uinvite,hit_uinvite,miss_uinvite,fa_uinvite,cr_uinvite,ll_uinvite
numlinks,prob_rewire,graphtype,numgraphs,numnodes,trim,jump,startX,numx,jumptype,irttype,irt_weight,beta,rcutoff,numedges,graph_seed,x_seed,truegraph,ll_tg,ll_tg_prior,ll_tg_irt,ll_tg_irt_prior,cost_uinvite,time_uinvite,bestgraph_uinvite,hit_uinvite,miss_uinvite,fa_uinvite,cr_uinvite,ll_uinvite
numlinks,prob_rewire,graphtype,numgraphs,numnodes,trim,jump,startX,numx,jumptype,irttype,irt_weight,beta,rcutoff,numedges,graph_seed,x_seed,truegraph,ll_tg,ll_tg_prior,ll_tg_irt,ll_tg_irt_prior,cost_uinvite,time_uinvite,bestgraph_uinvite,hit_uinvite,miss_uinvite,fa_uinvite,cr_uinvite,ll_uinvite
numlinks,prob_rewire,graphtype,numgraphs,numnodes,trim,jump,startX,numx,jumptype,irttype,irt_weight,beta,rcutoff,numedges,graph_seed,x_seed,truegraph,ll_tg,ll_tg_prior,ll_tg_irt,ll_tg_irt_prior,cost_uinvite,time_uinvite,bestgraph_uinvite,hit_uinvite,miss_uinvite,fa_uinvite,cr_uinvite,ll_uinvite
numlinks,prob_rewire,graphtype,numgraphs,numnodes,trim,jump,startX,numx,jumptype,irttype,irt_weight,beta,rcutoff,numedges,graph_seed,x_seed,truegraph,ll_tg,ll_tg_prior,ll_tg_irt,ll_tg_irt_prior,cost_uinvite,time_uinvite,bestgraph_uinvite,hit_uinvite,miss_uinvite,fa_uinvite,cr_uinvite,ll_uinvite
numlinks,prob_rewire,graphtype,numgraphs,numnodes,trim,jump,startX,numx,jumptype,irttype,irt_weight,beta,rcutoff,numedges,graph_seed,x_seed,truegraph,ll_tg,ll_tg_prior,ll_tg_irt,ll_tg_irt_prior,cost_uinvite,time_uinvite,bestgraph_uinvite,hit_uinvite,miss_uinvite,fa_uinvite,cr_uinvite,ll_uinvite
numlinks,prob_rewire,graphtype,numgraphs,numnodes,trim,jump,startX,numx,jumptype,irttype,irt_weight,beta,rcutoff,numedges,graph_seed,x_seed,truegraph,ll_tg,ll_tg_prior,ll_tg_irt,ll_tg_irt_prior,cost_uinvite,time_uinvite,bestgraph_uinvite,hit_uinvite,miss_uinvite,fa_uinvite,cr_uinvite,ll_uinvite
numlinks,prob_rewire,graphtype,numgraphs,numnodes,trim,jump,startX,numx,jumptype,irttype,irt_weight,beta,rcutoff,numedges,graph_seed,x_seed,truegraph,ll_tg,ll_tg_prior,ll_tg_irt,ll_tg_irt_prior,cost_uinvite,time_uinvite,bestgraph_uinvite,hit_uinvite,miss_uinvite,fa_uinvite,cr_uinvite,ll_uinvite
numlinks,prob_rewire,graphtype,numgraphs,numnodes,trim,jump,startX,numx,jumptype,irttype,irt_weight,beta,rcutoff,numedges,graph_seed,x_seed,truegraph,ll_tg,ll_tg_prior,ll_tg_irt,ll_tg_irt_prior,cost_uinvite,time_uinvite,bestgraph_uinvite,hit_uinvite,miss_uinvite,fa_uinvite,cr_uinvite,ll_uinvite
numlinks,prob_rewire,graphtype,numgraphs,numnodes,trim,jump,startX,numx,jumptype,irttype,irt_weight,beta,rcutoff,numedges,graph_seed,x_seed,truegraph,ll_tg,ll_tg_prior,ll_tg_irt,ll_tg_irt_prior,cost_uinvite,time_uinvite,bestgraph_uinvite,hit_uinvite,miss_uinvite,fa_uinvite,cr_uinvite,ll_uinvite
numlinks,prob_rewire,graphtype,numgraphs,numnodes,trim,jump,startX,numx,jumptype,irttype,irt_weight,beta,rcutoff,numedges,graph_seed,x_seed,truegraph,ll_tg,ll_tg_prior,ll_tg_irt,ll_tg_irt_prior,cost_uinvite,time_uinvite,bestgraph_uinvite,hit_uinvite,miss_uinvite,fa_uinvite,cr_uinvite,ll_uinvite
numlinks,prob_rewire,graphtype,numgraphs,numnodes,trim,jump,startX,numx,jumptype,irttype,irt_weight,beta,rcutoff,numedges,graph_seed,x_seed,truegraph,ll_tg,ll_tg_prior,ll_tg_irt,ll_tg_irt_prior,cost_uinvite,time_uinvite,bestgraph_uinvite,hit_uinvite,miss_uinvite,fa_uinvite,cr_uinvite,ll_uinvite
numlinks,prob_rewire,graphtype,numgraphs,numnodes,trim,jump,startX,numx,jumptype,irttype,irt_weight,beta,rcutoff,numedges,graph_seed,x_seed,truegraph,ll_tg,ll_tg_prior,ll_tg_irt,ll_tg_irt_prior,cost_uinvite,time_uinvite,bestgraph_uinvite,hit_uinvite,miss_uinvite,fa_uinvite,cr_uinvite,ll_uinvite
numlinks,prob_rewire,graphtype,numgraphs,numnodes,trim,jump,startX,numx,jumptype,irttype,irt_weight,beta,rcutoff,numedges,graph_seed,x_seed,truegraph,ll_tg,ll_tg_prior,ll_tg_irt,ll_tg_irt_prior,cost_uinvite,time_uinvite,bestgraph_uinvite,hit_uinvite,miss_uinvite,fa_uinvite,cr_uinvite,ll_uinvite
numlinks,prob_rewire,graphtype,numgraphs,numnodes,trim,jump,startX,numx,jumptype,irttype,irt_weight,beta,rcutoff,numedges,graph_seed,x_seed,truegraph,ll_tg,ll_tg_prior,ll_tg_irt,ll_tg_irt_prior,cost_uinvite,time_uinvite,bestgraph_uinvite,hit_uinvite,miss_uinvite,fa_uinvite,cr_uinvite,ll_uinvite
numlinks,prob_rewire,graphtype,numgraphs,numnodes,trim,jump,startX,numx,jumptype,irttype,irt_weight,beta,rcutoff,numedges,graph_seed,x_seed,truegraph,ll_tg,ll_tg_prior,ll_tg_irt,ll_tg_irt_prior,cost_uinvite,time_uinvite,bestgraph_uinvite,hit_uinvite,miss_uinvite,fa_uinvite,cr_uinvite,ll_uinvite
numlinks,prob_rewire,graphtype,numgraphs,numnodes,trim,jump,startX,numx,jumptype,irttype,irt_weight,beta,rcutoff,numedges,graph_seed,x_seed,truegraph,ll_tg,ll_tg_prior,ll_tg_irt,ll_tg_irt_prior,cost_uinvite,time_uinvite,bestgraph_uinvite,hit_uinvite,miss_uinvite,fa_uinvite,cr_uinvite,ll_uinvite
numlinks,prob_rewire,graphtype,numgraphs,numnodes,trim,jump,startX,numx,jumptype,irttype,irt_weight,beta,rcutoff,numedges,graph_seed,x_seed,truegraph,ll_tg,ll_tg_prior,ll_tg_irt,ll_tg_irt_prior,cost_uinvite,time_uinvite,bestgraph_uinvite,hit_uinvite,miss_uinvite,fa_uinvite,cr_uinvite,ll_uinvite
numlinks,prob_rewire,graphtype,numgraphs,numnodes,trim,jump,startX,numx,jumptype,irttype,irt_weight,beta,rcutoff,numedges,graph_seed,x_seed,truegraph,ll_tg,ll_tg_prior,ll_tg_irt,ll_tg_irt_prior,cost_uinvite,time_uinvite,bestgraph_uinvite,hit_uinvite,miss_uinvite,fa_uinvite,cr_uinvite,ll_uinvite
numlinks,prob_rewire,graphtype,numgraphs,numnodes,trim,jump,startX,numx,jumptype,irttype,irt_weight,beta,rcutoff,numedges,graph_seed,x_seed,truegraph,ll_tg,ll_tg_prior,ll_tg_irt,ll_tg_irt_prior,cost_uinvite,time_uinvite,bestgraph_uinvite,hit_uinvite,miss_uinvite,fa_uinvite,cr_uinvite,ll_uinvite
numlinks,prob_rewire,graphtype,numgraphs,numnodes,trim,jump,startX,numx,jumptype,irttype,irt_weight,beta,rcutoff,numedges,graph_seed,x_seed,truegraph,ll_tg,ll_tg_prior,ll_tg_irt,ll_tg_irt_prior,cost_uinvite,time_uinvite,bestgraph_uinvite,hit_uinvite,miss_uinvite,fa_uinvite,cr_uinvite,ll_uinvite
numlinks,prob_rewire,graphtype,numgraphs,numnodes,trim,jump,startX,numx,jumptype,irttype,irt_weight,beta,rcutoff,numedges,graph_seed,x_seed,truegraph,ll_tg,ll_tg_prior,ll_tg_irt,ll_tg_irt_prior,cost_uinvite,time_uinvite,bestgraph_uinvite,hit_uinvite,miss_uinvite,fa_uinvite,cr_uinvite,ll_uinvite
numlinks,prob_rewire,graphtype,numgraphs,numnodes,trim,jump,startX,numx,jumptype,irttype,irt_weight,beta,rcutoff,numedges,graph_seed,x_seed,truegraph,ll_tg,ll_tg_prior,ll_tg_irt,ll_tg_irt_prior,cost_uinvite,time_uinvite,bestgraph_uinvite,hit_uinvite,miss_uinvite,fa_uinvite,cr_uinvite,ll_uinvite
numlinks,prob_rewire,graphtype,numgraphs,numnodes,trim,jump,startX,numx,jumptype,irttype,irt_weight,beta,rcutoff,numedges,graph_seed,x_seed,truegraph,ll_tg,ll_tg_prior,ll_tg_irt,ll_tg_irt_prior,cost_uinvite,time_uinvite,bestgraph_uinvite,hit_uinvite,miss_uinvite,fa_uinvite,cr_uinvite,ll_uinvite
numlinks,prob_rewire,graphtype,numgraphs,numnodes,trim,jump,startX,numx,jumptype,irttype,irt_weight,beta,rcutoff,numedges,graph_seed,x_seed,truegraph,ll_tg,ll_tg_prior,ll_tg_irt,ll_tg_irt_prior,cost_uinvite,time_uinvite,bestgraph_uinvite,hit_uinvite,miss_uinvite,fa_uinvite,cr_uinvite,ll_uinvite
numlinks,prob_rewire,graphtype,numgraphs,numnodes,trim,jump,startX,numx,jumptype,irttype,irt_weight,beta,rcutoff,numedges,graph_seed,x_seed,truegraph,ll_tg,ll_tg_prior,ll_tg_irt,ll_tg_irt_prior,cost_uinvite,time_uinvite,bestgraph_uinvite,hit_uinvite,miss_uinvite,fa_uinvite,cr_uinvite,ll_uinvite
numlinks,prob_rewire,graphtype,numgraphs,numnodes,trim,jump,startX,numx,jumptype,irttype,irt_weight,beta,rcutoff,numedges,graph_seed,x_seed,truegraph,ll_tg,ll_tg_prior,ll_tg_irt,ll_tg_irt_prior,cost_uinvite,time_uinvite,bestgraph_uinvite,hit_uinvite,miss_uinvite,fa_uinvite,cr_uinvite,ll_uinvite
numlinks,prob_rewire,graphtype,numgraphs,numnodes,trim,jump,startX,numx,jumptype,irttype,irt_weight,beta,rcutoff,numedges,graph_seed,x_seed,truegraph,ll_tg,ll_tg_prior,ll_tg_irt,ll_tg_irt_prior,cost_uinvite,time_uinvite,bestgraph_uinvite,hit_uinvite,miss_uinvite,fa_uinvite,cr_uinvite,ll_uinvite
numlinks,prob_rewire,graphtype,numgraphs,numnodes,trim,jump,startX,numx,jumptype,irttype,irt_weight,beta,rcutoff,numedges,graph_seed,x_seed,truegraph,ll_tg,ll_tg_prior,ll_tg_irt,ll_tg_irt_prior,cost_uinvite,time_uinvite,bestgraph_uinvite,hit_uinvite,miss_uinvite,fa_uinvite,cr_uinvite,ll_uinvite
numlinks,prob_rewire,graphtype,numgraphs,numnodes,trim,jump,startX,numx,jumptype,irttype,irt_weight,beta,rcutoff,numedges,graph_seed,x_seed,truegraph,ll_tg,ll_tg_prior,ll_tg_irt,ll_tg_irt_prior,cost_uinvite,time_uinvite,bestgraph_uinvite,hit_uinvite,miss_uinvite,fa_uinvite,cr_uinvite,ll_uinvite
numlinks,prob_rewire,graphtype,numgraphs,numnodes,trim,jump,startX,numx,jumptype,irttype,irt_weight,beta,rcutoff,numedges,graph_seed,x_seed,truegraph,ll_tg,ll_tg_prior,ll_tg_irt,ll_tg_irt_prior,cost_uinvite,time_uinvite,bestgraph_uinvite,hit_uinvite,miss_uinvite,fa_uinvite,cr_uinvite,ll_uinvite
numlinks,prob_rewire,graphtype,numgraphs,numnodes,trim,jump,startX,numx,jumptype,irttype,irt_weight,beta,rcutoff,numedges,graph_seed,x_seed,truegraph,ll_tg,ll_tg_prior,ll_tg_irt,ll_tg_irt_prior,cost_uinvite,time_uinvite,bestgraph_uinvite,hit_uinvite,miss_uinvite,fa_uinvite,cr_uinvite,ll_uinvite
numlinks,prob_rewire,graphtype,numgraphs,numnodes,trim,jump,startX,numx,jumptype,irttype,irt_weight,beta,rcutoff,numedges,graph_seed,x_seed,truegraph,ll_tg,ll_tg_prior,ll_tg_irt,ll_tg_irt_prior,cost_uinvite,time_uinvite,bestgraph_uinvite,hit_uinvite,miss_uinvite,fa_uinvite,cr_uinvite,ll_uinvite
numlinks,prob_rewire,graphtype,numgraphs,numnodes,trim,jump,startX,numx,jumptype,irttype,irt_weight,beta,rcutoff,numedges,graph_seed,x_seed,truegraph,ll_tg,ll_tg_prior,ll_tg_irt,ll_tg_irt_prior,cost_uinvite,time_uinvite,bestgraph_uinvite,hit_uinvite,miss_uinvite,fa_uinvite,cr_uinvite,ll_uinvite
numlinks,prob_rewire,graphtype,numgraphs,numnodes,trim,jump,startX,numx,jumptype,irttype,irt_weight,beta,rcutoff,numedges,graph_seed,x_seed,truegraph,ll_tg,ll_tg_prior,ll_tg_irt,ll_tg_irt_prior,cost_uinvite,time_uinvite,bestgraph_uinvite,hit_uinvite,miss_uinvite,fa_uinvite,cr_uinvite,ll_uinvite
numlinks,prob_rewire,graphtype,numgraphs,numnodes,trim,jump,startX,numx,jumptype,irttype,irt_weight,beta,rcutoff,numedges,graph_seed,x_seed,truegraph,ll_tg,ll_tg_prior,ll_tg_irt,ll_tg_irt_prior,cost_uinvite,time_uinvite,bestgraph_uinvite,hit_uinvite,miss_uinvite,fa_uinvite,cr_uinvite,ll_uinvite
numlinks,prob_rewire,graphtype,numgraphs,numnodes,trim,jump,startX,numx,jumptype,irttype,irt_weight,beta,rcutoff,numedges,graph_seed,x_seed,truegraph,ll_tg,ll_tg_prior,ll_tg_irt,ll_tg_irt_prior,cost_uinvite,time_uinvite,bestgraph_uinvite,hit_uinvite,miss_uinvite,fa_uinvite,cr_uinvite,ll_uinvite
numlinks,prob_rewire,graphtype,numgraphs,numnodes,trim,jump,startX,numx,jumptype,irttype,irt_weight,beta,rcutoff,numedges,graph_seed,x_seed,truegraph,ll_tg,ll_tg_prior,ll_tg_irt,ll_tg_irt_prior,cost_uinvite,time_uinvite,bestgraph_uinvite,hit_uinvite,miss_uinvite,fa_uinvite,cr_uinvite,ll_uinvite
numlinks,prob_rewire,graphtype,numgraphs,numnodes,trim,jump,startX,numx,jumptype,irttype,irt_weight,beta,rcutoff,numedges,graph_seed,x_seed,truegraph,ll_tg,ll_tg_prior,ll_tg_irt,ll_tg_irt_prior,cost_uinvite,time_uinvite,bestgraph_uinvite,hit_uinvite,miss_uinvite,fa_uinvite,cr_uinvite,ll_uinvite
numlinks,prob_rewire,graphtype,numgraphs,numnodes,trim,jump,startX,numx,jumptype,irttype,irt_weight,beta,rcutoff,numedges,graph_seed,x_seed,truegraph,ll_tg,ll_tg_prior,ll_tg_irt,ll_tg_irt_prior,cost_uinvite,time_uinvite,bestgraph_uinvite,hit_uinvite,miss_uinvite,fa_uinvite,cr_uinvite,ll_uinvite
numlinks,prob_rewire,graphtype,numgraphs,numnodes,trim,jump,startX,numx,jumptype,irttype,irt_weight,beta,rcutoff,numedges,graph_seed,x_seed,truegraph,ll_tg,ll_tg_prior,ll_tg_irt,ll_tg_irt_prior,cost_uinvite,time_uinvite,bestgraph_uinvite,hit_uinvite,miss_uinvite,fa_uinvite,cr_uinvite,ll_uinvite
numlinks,prob_rewire,graphtype,numgraphs,numnodes,trim,jump,startX,numx,jumptype,irttype,irt_weight,beta,rcutoff,numedges,graph_seed,x_seed,truegraph,ll_tg,ll_tg_prior,ll_tg_irt,ll_tg_irt_prior,cost_uinvite,time_uinvite,bestgraph_uinvite,hit_uinvite,miss_uinvite,fa_uinvite,cr_uinvite,ll_uinvite
numlinks,prob_rewire,graphtype,numgraphs,numnodes,trim,jump,startX,numx,jumptype,irttype,irt_weight,beta,rcutoff,numedges,graph_seed,x_seed,truegraph,ll_tg,ll_tg_prior,ll_tg_irt,ll_tg_irt_prior,cost_uinvite,time_uinvite,bestgraph_uinvite,hit_uinvite,miss_uinvite,fa_uinvite,cr_uinvite,ll_uinvite
numlinks,prob_rewire,graphtype,numgraphs,numnodes,trim,jump,startX,numx,jumptype,irttype,irt_weight,beta,rcutoff,numedges,graph_seed,x_seed,truegraph,ll_tg,ll_tg_prior,ll_tg_irt,ll_tg_irt_prior,cost_uinvite,time_uinvite,bestgraph_uinvite,hit_uinvite,miss_uinvite,fa_uinvite,cr_uinvite,ll_uinvite
numlinks,prob_rewire,graphtype,numgraphs,numnodes,trim,jump,startX,numx,jumptype,irttype,irt_weight,beta,rcutoff,numedges,graph_seed,x_seed,truegraph,ll_tg,ll_tg_prior,ll_tg_irt,ll_tg_irt_prior,cost_uinvite,time_uinvite,bestgraph_uinvite,hit_uinvite,miss_uinvite,fa_uinvite,cr_uinvite,ll_uinvite
numlinks,prob_rewire,graphtype,numgraphs,numnodes,trim,jump,startX,numx,jumptype,irttype,irt_weight,beta,rcutoff,numedges,graph_seed,x_seed,truegraph,ll_tg,ll_tg_prior,ll_tg_irt,ll_tg_irt_prior,cost_uinvite,time_uinvite,bestgraph_uinvite,hit_uinvite,miss_uinvite,fa_uinvite,cr_uinvite,ll_uinvite
numlinks,prob_rewire,graphtype,numgraphs,numnodes,trim,jump,startX,numx,jumptype,irttype,irt_weight,beta,rcutoff,numedges,graph_seed,x_seed,truegraph,ll_tg,ll_tg_prior,ll_tg_irt,ll_tg_irt_prior,cost_uinvite,time_uinvite,bestgraph_uinvite,hit_uinvite,miss_uinvite,fa_uinvite,cr_uinvite,ll_uinvite
numlinks,prob_rewire,graphtype,numgraphs,numnodes,trim,jump,startX,numx,jumptype,irttype,irt_weight,beta,rcutoff,numedges,graph_seed,x_seed,truegraph,ll_tg,ll_tg_prior,ll_tg_irt,ll_tg_irt_prior,cost_uinvite,time_uinvite,bestgraph_uinvite,hit_uinvite,miss_uinvite,fa_uinvite,cr_uinvite,ll_uinvite
numlinks,prob_rewire,graphtype,numgraphs,numnodes,trim,jump,startX,numx,jumptype,irttype,irt_weight,beta,rcutoff,numedges,graph_seed,x_seed,truegraph,ll_tg,ll_tg_prior,ll_tg_irt,ll_tg_irt_prior,cost_uinvite,time_uinvite,bestgraph_uinvite,hit_uinvite,miss_uinvite,fa_uinvite,cr_uinvite,ll_uinvite
numlinks,prob_rewire,graphtype,numgraphs,numnodes,trim,jump,startX,numx,jumptype,irttype,irt_weight,beta,rcutoff,numedges,graph_seed,x_seed,truegraph,ll_tg,ll_tg_prior,ll_tg_irt,ll_tg_irt_prior,cost_uinvite,time_uinvite,bestgraph_uinvite,hit_uinvite,miss_uinvite,fa_uinvite,cr_uinvite,ll_uinvite
numlinks,prob_rewire,graphtype,numgraphs,numnodes,trim,jump,startX,numx,jumptype,irttype,irt_weight,beta,rcutoff,numedges,graph_seed,x_seed,truegraph,ll_tg,ll_tg_prior,ll_tg_irt,ll_tg_irt_prior,cost_uinvite,time_uinvite,bestgraph_uinvite,hit_uinvite,miss_uinvite,fa_uinvite,cr_uinvite,ll_uinvite
numlinks,prob_rewire,graphtype,numgraphs,numnodes,trim,jump,startX,numx,jumptype,irttype,irt_weight,beta,rcutoff,numedges,graph_seed,x_seed,truegraph,ll_tg,ll_tg_prior,ll_tg_irt,ll_tg_irt_prior,cost_uinvite,time_uinvite,bestgraph_uinvite,hit_uinvite,miss_uinvite,fa_uinvite,cr_uinvite,ll_uinvite
numlinks,prob_rewire,graphtype,numgraphs,numnodes,trim,jump,startX,numx,jumptype,irttype,irt_weight,beta,rcutoff,numedges,graph_seed,x_seed,truegraph,ll_tg,ll_tg_prior,ll_tg_irt,ll_tg_irt_prior,cost_uinvite,time_uinvite,bestgraph_uinvite,hit_uinvite,miss_uinvite,fa_uinvite,cr_uinvite,ll_uinvite
numlinks,prob_rewire,graphtype,numgraphs,numnodes,trim,jump,startX,numx,jumptype,irttype,irt_weight,beta,rcutoff,numedges,graph_seed,x_seed,truegraph,ll_tg,ll_tg_prior,ll_tg_irt,ll_tg_irt_prior,cost_uinvite,time_uinvite,bestgraph_uinvite,hit_uinvite,miss_uinvite,fa_uinvite,cr_uinvite,ll_uinvite
numlinks,prob_rewire,graphtype,numgraphs,numnodes,trim,jump,startX,numx,jumptype,irttype,irt_weight,beta,rcutoff,numedges,graph_seed,x_seed,truegraph,ll_tg,ll_tg_prior,ll_tg_irt,ll_tg_irt_prior,cost_uinvite,time_uinvite,bestgraph_uinvite,hit_uinvite,miss_uinvite,fa_uinvite,cr_uinvite,ll_uinvite
numlinks,prob_rewire,graphtype,numgraphs,numnodes,trim,jump,startX,numx,jumptype,irttype,irt_weight,beta,rcutoff,numedges,graph_seed,x_seed,truegraph,ll_tg,ll_tg_prior,ll_tg_irt,ll_tg_irt_prior,cost_uinvite,time_uinvite,bestgraph_uinvite,hit_uinvite,miss_uinvite,fa_uinvite,cr_uinvite,ll_uinvite
numlinks,prob_rewire,graphtype,numgraphs,numnodes,trim,jump,startX,numx,jumptype,irttype,irt_weight,beta,rcutoff,numedges,graph_seed,x_seed,truegraph,ll_tg,ll_tg_prior,ll_tg_irt,ll_tg_irt_prior,cost_uinvite,time_uinvite,bestgraph_uinvite,hit_uinvite,miss_uinvite,fa_uinvite,cr_uinvite,ll_uinvite
numlinks,prob_rewire,graphtype,numgraphs,numnodes,trim,jump,startX,numx,jumptype,irttype,irt_weight,beta,rcutoff,numedges,graph_seed,x_seed,truegraph,ll_tg,ll_tg_prior,ll_tg_irt,ll_tg_irt_prior,cost_uinvite,time_uinvite,bestgraph_uinvite,hit_uinvite,miss_uinvite,fa_uinvite,cr_uinvite,ll_uinvite
numlinks,prob_rewire,graphtype,numgraphs,numnodes,trim,jump,startX,numx,jumptype,irttype,irt_weight,beta,rcutoff,numedges,graph_seed,x_seed,truegraph,ll_tg,ll_tg_prior,ll_tg_irt,ll_tg_irt_prior,cost_uinvite,time_uinvite,bestgraph_uinvite,hit_uinvite,miss_uinvite,fa_uinvite,cr_uinvite,ll_uinvite
numlinks,prob_rewire,graphtype,numgraphs,numnodes,trim,jump,startX,numx,jumptype,irttype,irt_weight,beta,rcutoff,numedges,graph_seed,x_seed,truegraph,ll_tg,ll_tg_prior,ll_tg_irt,ll_tg_irt_prior,cost_uinvite,time_uinvite,bestgraph_uinvite,hit_uinvite,miss_uinvite,fa_uinvite,cr_uinvite,ll_uinvite
numlinks,prob_rewire,graphtype,numgraphs,numnodes,trim,jump,startX,numx,jumptype,irttype,irt_weight,beta,rcutoff,numedges,graph_seed,x_seed,truegraph,ll_tg,ll_tg_prior,ll_tg_irt,ll_tg_irt_prior,cost_uinvite,time_uinvite,bestgraph_uinvite,hit_uinvite,miss_uinvite,fa_uinvite,cr_uinvite,ll_uinvite
numlinks,prob_rewire,graphtype,numgraphs,numnodes,trim,jump,startX,numx,jumptype,irttype,irt_weight,beta,rcutoff,numedges,graph_seed,x_seed,truegraph,ll_tg,ll_tg_prior,ll_tg_irt,ll_tg_irt_prior,cost_uinvite,time_uinvite,bestgraph_uinvite,hit_uinvite,miss_uinvite,fa_uinvite,cr_uinvite,ll_uinvite
numlinks,prob_rewire,graphtype,numgraphs,numnodes,trim,jump,startX,numx,jumptype,irttype,irt_weight,beta,rcutoff,numedges,graph_seed,x_seed,truegraph,ll_tg,ll_tg_prior,ll_tg_irt,ll_tg_irt_prior,cost_uinvite,time_uinvite,bestgraph_uinvite,hit_uinvite,miss_uinvite,fa_uinvite,cr_uinvite,ll_uinvite
numlinks,prob_rewire,graphtype,numgraphs,numnodes,trim,jump,startX,numx,jumptype,irttype,irt_weight,beta,rcutoff,numedges,graph_seed,x_seed,truegraph,ll_tg,ll_tg_prior,ll_tg_irt,ll_tg_irt_prior,cost_uinvite,time_uinvite,bestgraph_uinvite,hit_uinvite,miss_uinvite,fa_uinvite,cr_uinvite,ll_uinvite
6,0.3,steyvers,1,30,0.7,0.5,stationary,20,uniform,gamma,0.9,0.909090909091,20,100,1,1,>>sparse6<<:]__@_@A_@AB_@ABCbD_BCbDE_D_AB`ABDdEGeGK`BCH_BCF_AEMNbEGL_AEO_@CMNkLQ_DHMdFGPeKP_BCMfUcFWeLV_@CDObGHK[,-1195.76027291,,,,155.0,0:00:09.421546,>>sparse6<<:]a@`A_@AB_@ABCaBD_@BCcDF_@BCDG_@BDEG_ABDEI`ACDEGI`ADEFGI_@ABFIJKL_BCFHLM_ABDEGHIKLMN_ABDEFGHL_@ADEMO_@ACDFGHILMNOQ_@CDGKLMQR_FHLMPbCEFGLMORSbCEFGIKOPSU_ABCEFGHJKMU_@CFGHJLNRTUaCDEFGMUVWaBCDEGILPQSV_@BCDEGIMNOQTVWZbCDFGHKLNOPQRTYZ,86.0,14.0,141.0,194.0,-1156.2504763
numlinks,prob_rewire,graphtype,numgraphs,numnodes,trim,jump,startX,numx,jumptype,irttype,irt_weight,beta,rcutoff,numedges,graph_seed,x_seed,truegraph,ll_tg,ll_tg_prior,ll_tg_irt,ll_tg_irt_prior,cost_uinvite,time_uinvite,bestgraph_uinvite,hit_uinvite,miss_uinvite,fa_uinvite,cr_uinvite,ll_uinvite
numlinks,prob_rewire,graphtype,numgraphs,numnodes,trim,jump,startX,numx,jumptype,irttype,irt_weight,beta,rcutoff,numedges,graph_seed,x_seed,truegraph,ll_tg,ll_tg_prior,ll_tg_irt,ll_tg_irt_prior,cost_uinvite,time_uinvite,bestgraph_uinvite,hit_uinvite,miss_uinvite,fa_uinvite,cr_uinvite,ll_uinvite
numlinks,prob_rewire,graphtype,numgraphs,numnodes,trim,jump,startX,numx,jumptype,irttype,irt_weight,beta,rcutoff,numedges,graph_seed,x_seed,truegraph,ll_tg,ll_tg_prior,ll_tg_irt,ll_tg_irt_prior,cost_uinvite,time_uinvite,bestgraph_uinvite,hit_uinvite,miss_uinvite,fa_uinvite,cr_uinvite,ll_uinvite
numlinks,prob_rewire,graphtype,numgraphs,numnodes,trim,jump,startX,numx,jumptype,irttype,irt_weight,beta,rcutoff,numedges,graph_seed,x_seed,truegraph,ll_tg,ll_tg_prior,ll_tg_irt,ll_tg_irt_prior,cost_uinvite,time_uinvite,bestgraph_uinvite,hit_uinvite,miss_uinvite,fa_uinvite,cr_uinvite,ll_uinvite
numlinks,prob_rewire,graphtype,numgraphs,numnodes,trim,jump,startX,numx,jumptype,irttype,irt_weight,beta,rcutoff,numedges,graph_seed,x_seed,truegraph,ll_tg,ll_tg_prior,ll_tg_irt,ll_tg_irt_prior,cost_uinvite,time_uinvite,bestgraph_uinvite,hit_uinvite,miss_uinvite,fa_uinvite,cr_uinvite,ll_uinvite
numlinks,prob_rewire,graphtype,numgraphs,numnodes,trim,jump,startX,numx,jumptype,irttype,irt_weight,beta,rcutoff,numedges,graph_seed,x_seed,truegraph,ll_tg,ll_tg_prior,ll_tg_irt,ll_tg_irt_prior,cost_uinvite,time_uinvite,bestgraph_uinvite,hit_uinvite,miss_uinvite,fa_uinvite,cr_uinvite,ll_uinvite
numlinks,prob_rewire,graphtype,numgraphs,numnodes,trim,jump,startX,numx,jumptype,irttype,irt_weight,beta,rcutoff,numedges,graph_seed,x_seed,truegraph,ll_tg,ll_tg_prior,ll_tg_irt,ll_tg_irt_prior,cost_uinvite,time_uinvite,bestgraph_uinvite,hit_uinvite,miss_uinvite,fa_uinvite,cr_uinvite,ll_uinvite
numlinks,prob_rewire,graphtype,numgraphs,numnodes,trim,jump,startX,numx,jumptype,irttype,irt_weight,beta,rcutoff,numedges,graph_seed,x_seed,truegraph,ll_tg,ll_tg_prior,ll_tg_irt,ll_tg_irt_prior,cost_uinvite,time_uinvite,bestgraph_uinvite,hit_uinvite,miss_uinvite,fa_uinvite,cr_uinvite,ll_uinvite
numlinks,prob_rewire,graphtype,numgraphs,numnodes,trim,jump,startX,numx,jumptype,irttype,irt_weight,beta,rcutoff,numedges,graph_seed,x_seed,truegraph,ll_tg,ll_tg_prior,ll_tg_irt,ll_tg_irt_prior,cost_uinvite,time_uinvite,bestgraph_uinvite,hit_uinvite,miss_uinvite,fa_uinvite,cr_uinvite,ll_uinvite
numlinks,prob_rewire,graphtype,numgraphs,numnodes,trim,jump,startX,numx,jumptype,irttype,irt_weight,beta,rcutoff,numedges,graph_seed,x_seed,truegraph,ll_tg,ll_tg_prior,ll_tg_irt,ll_tg_irt_prior,cost_uinvite,time_uinvite,bestgraph_uinvite,hit_uinvite,miss_uinvite,fa_uinvite,cr_uinvite,ll_uinvite
numlinks,prob_rewire,graphtype,numgraphs,numnodes,trim,jump,startX,numx,jumptype,irttype,irt_weight,beta,rcutoff,numedges,graph_seed,x_seed,truegraph,ll_tg,ll_tg_prior,ll_tg_irt,ll_tg_irt_prior,cost_uinvite,time_uinvite,bestgraph_uinvite,hit_uinvite,miss_uinvite,fa_uinvite,cr_uinvite,ll_uinvite
6,0.3,steyvers,1,30,0.7,0.0,stationary,20,stationary,gamma,0.9,0.909090909091,20,101,1,1,>>sparse6<<:]__@_@A_@AB_@ABC_ABaC_DF`BDE_DFi`BCDaCHKaBCaBbEGIdFIJ`CP`DFMaIPR`ACENbCQTbEGaDHT`ABDEIaCHP_ABCT_@DEHfS,-943.531947258,,,,37.0,0:00:37.470051,>>sparse6<<:]__@_@A_@AB_ABC_ABDaB_@DF_@BE_ADFGi`ABCEaCDEHaBCaBbCFGIaDFIJ`CK`DFMaIPR`BCENaBCQTbCEGOdHTV`ADEIL`CHP_ABCDLTW_CDEHfS,89.0,12.0,25.0,309.0,-982.726040171
numlinks,prob_rewire,graphtype,numgraphs,numnodes,trim,jump,startX,numx,jumptype,irttype,irt_weight,beta,rcutoff,numedges,graph_seed,x_seed,truegraph,ll_tg,ll_tg_prior,ll_tg_irt,ll_tg_irt_prior,cost_uinvite,time_uinvite,bestgraph_uinvite,hit_uinvite,miss_uinvite,fa_uinvite,cr_uinvite,ll_uinvite
6,0.3,steyvers,1,30,0.7,0.0,stationary,20,stationary,gamma,0.9,0.909090909091,20,90,1,1,>>sparse6<<:]__@_@A_@AB_@ABC_@_DaBD_@F``AB_@D_@aBaCJK_@N_CDMcEHL_CDMPhL`JL`DNiJOT`CDPcHLjNObCIKOcNPWZaB,-930.723357191,,,,29.0,0:00:31.574097,>>sparse6<<:]___@A`AB_@ABC__@D_ABD_@AF`B`AB_@B`aBaBCJK_@N`CMcEHLcDKMPfH_CIJLS`DKLNjOT`CDPcHLjNO_BCIKOcNPRWZaBM,79.0,11.0,18.0,327.0,-992.33385758
numlinks,prob_rewire,graphtype,numgraphs,numnodes,trim,jump,startX,numx,jumptype,irttype,irt_weight,beta,rcutoff,numedges,graph_seed,x_seed,truegraph,ll_tg,ll_tg_prior,ll_tg_irt,ll_tg_irt_prior,cost_uinvite,time_uinvite,bestgraph_uinvite,hit_uinvite,miss_uinvite,fa_uinvite,cr_uinvite,ll_uinvite
numlinks,prob_rewire,graphtype,numgraphs,numnodes,trim,jump,startX,numx,jumptype,irttype,irt_weight,beta,rcutoff,numedges,graph_seed,x_seed,truegraph,ll_tg,ll_tg_prior,ll_tg_irt,ll_tg_irt_prior,cost_uinvite,time_uinvite,bestgraph_uinvite,hit_uinvite,miss_uinvite,fa_uinvite,cr_uinvite,ll_uinvite
6,0.3,steyvers,1,160,0.7,0.0,stationary,5,stationary,gamma,0.9,0.909090909091,20,612,1,12,>>sparse6<<:~?A__C??K??GA_?@?OB_?@?OB?c@?WC_?@?WC_?A?c??_D?{C?sC?oI_GA?c??gH@c@?gJ@c??GD_?E?wM__E@WM__G@OP_?@?WC_?BA[@?gKAKA@?I@WQ_GB?_E__EAK@@WK@sA@OQ_GB?_DA{E?wO_OC?gE_wHBc@?_EAwZ_GKA?P_OD?oVBW__oF@oOCCC@?H@gN_w__?A@?QC[D@_MCS@Aw`_OG@[E@oOBcB?_f__EBC??GDBg`Ck?A?_CSE?wOC?l_?ODgmawh__F@GOB_]_GCA{@AGRBW\_?OCOl__D@gbEKMACEC?aCsC?wHCWp_WOAG`E{AD_x__ODs??Ob_OGDcIAGVCGaaWZ_WRA_~_GJAGX_o[Bop`?WEOw_WD?x?`o_Dgv`WMCOh_WHDow`ovGkIAOU_WE@OVBCBAXC_waDgsEw}_?HAGQF[@EPB__E@PIcO}__W_?aHcC@gbEk??gb_GVB[@CWqHxR_OBAwiFK??gNGcvGhG_gJ@_XEpE_?@?WRGC@?WVFxT_OD?o}`gkE`LJC??GDDc@AG_aGW_?@?gkbWfD_x`hLJ@]`WMGHY_GEBx[_oMAP_bXTJc??KGB?q_GCAxBLSD@w\KSMAGQC@@_h?H[QK@f_oMCo}IS@BG_CsRBW~GC?A?[BoaGcMH@X_XCHXr_?QFXLJs??gH@hL`oOCpDKxlbW_C{aH@oMcC@orJ`h_?AFcfFHb_gbIdYa?mDwu_oJB?rHh_bW~_HhN[qGXj_wMDGlEs@?hWcggG[HCOmFCeExK`GbM{E?wOEyGcGkFPaK[C@gb_XCMSAA_sMsAAW^`oREPUJ[A@oZI`\_gkJ{mFAJc@KOkIAGVCPocovHaH`_OCSC@_XC?e`GdDxLJXaa?]CPt_GA?oxI{?@GQHkIAGWBwaH{??_HE`r,-1748.72504081,,,,637.0,1:05:14.006897,>>sparse6<<:~?A__W?_CB_c?_SF`WE@SM?gF_KE@WN__I_WIAKS?[??GKAcA?gJ_GHbGJAkAAOUb_BA?V_GA@oZ_wHBcEA_V`_P_OQAw__oOc_^`?``cVBKA@?J_wOCOcdWH@WKBg^awda?a_o_Dko@oh_wjDkrAW\cOcDkDCWiEKM_oaCsp_WcE{A@?kFKCC_mEKGCkGCKTCGabCdF_~bG]D?r`w]CWpFCqFD?`gMD{H@Wua_rF@BexD`OQApG`OUBOk_OCBX?GcFCcHAo_DgzeS@BC}__WB{FHcCCotcWgag\EcbGxMHxRawiFKDD_nG@CIkDCovHCTBH@_WNAWsbGrF{\D?}J[LD_mJC@?gNBWkcXNaGWFs@DdcJ@]`okHpY_G^_oeGsXF{e`?WEOsIH`LDBHx[K{NF@a_WPBP@IK]B|_K{\FpQI{XCXh_?RA_ZFx?_?OB_]DhCISMHCB?gF_?AFX]`GLAXALHu`oYCpXi@sNCaFXGMc@?_qH@oaobCg{F|Y_?C?gbIdYKkODwu`WWBW[EXuf?~L@|eX_LKqGXhL[MDGmEpDK@p_GTKPed@a`GwFH\exKHkLI`]NcHBo_DpXPCyGH^KPb`?K@gzHxcc?aG`ILXqa_sHPuNcRBwdGHQIx\NsRCWuGhMN[A@?ZGpYJhbLT]NCmDxFP\xOkB@gZGHQLPocpKKiHb_eE`\K{??_KBW__gQCgnG@aPcKBohEhAH`tbxVJPePIJQSOAO{HhaNSIAGWCOsHyU_wQCWrH`LMYX,236.0,376.0,261.0,11847.0,-1008.73758947
numlinks,prob_rewire,graphtype,numgraphs,numnodes,trim,jump,startX,numx,jumptype,irttype,irt_weight,beta,rcutoff,numedges,graph_seed,x_seed,truegraph,ll_tg,ll_tg_prior,ll_tg_irt,ll_tg_irt_prior,cost_uinvite,time_uinvite,bestgraph_uinvite,hit_uinvite,miss_uinvite,fa_uinvite,cr_uinvite,ll_uinvite
6,0.3,steyvers,1,160,0.7,0.0,stationary,3,stationary,gamma,0.9,0.909090909091,20,622,1,74,>>sparse6<<:~?A__C??K??GA_?@?OB_?@?OB?c@?OB_GA?[@?OB?sA?oG_?@?_E_?D?sA?oG@K??GC?{??GD@C??GD_OD@{E@ON_GB@?KACE@GMASD?oF@?K_GF@gS_OKASA@GKASG@_S_?@?_L_wKAkE@OK_gI@gX_oHA{B?gF@C@@?KA[C?oG@_V_WD?{GA_Y_oG@GRA{C@WL@{A?_J_GBAsA?_JCk@?_E@C??gG__D@gNAg^_oVB{B?gFCK@?oICCE@GVBkC@gNAgX_GACkI@_Z_GX_GB@g]`g[D{@A?PDOn_GI@_RD?j_WLBO]_OGBgm`GQC?bDs@C?l`OZDgp_WGE[A?gNAOt_OLA_Y_?CB_s_oQAWu_opEs??OB@k??_[_GB@gY`?KAwb`GVBgm`__FSI@_ZEKF@_}_ONEkD@?r`GwFHE`_QBgbGsD?wKCSI@_pGKKC?bGsAGS@?OCA?f`XQ_GQE?qEk??OrGSHB?wF`D_GRD@?GKD?wGEWv_ONEk[F{@AOgEs@AOoEPS_OE@oX`@KIsKIsD@?KCO}_?A?_XCwg_oGFHFIC_CXE__JChQKKF@gnGcCC_sFsQBo^C?hJsQEPS_o_F[?@kC@Wdfpec?lFPF`g[_WCA?SDH__GiE`A_?@@oRJk@?gG@s@@?OAoV_xQIc?@WfKcD@_aL{A@g}Kpk`g]EXTJCAFpeM{MAX\MKH@WKBg_DCGAOvGPn_OB?_HECAChj_GL@oNIcA@?wIsFEXWNCG@_RBwjK{KFPla_YCPM_GEBwlESB@OfF{E?wVE@AISKC@zaO\C[SDPWMs@?__K`n_OfIXcMcNAgnE_tKkA?WZO{ZF[dD@QNiJ`wOJH~`gXFxBJPm`gNB{KFhPOAK_oHDow_GQJ`sN{\DpLN[@C@cQCEIPZRC?GPo_OH@_\H`|__HNiOaP{dpKHhOK[_FPa,-1004.73399193,,,,597.0,0:39:54.803221,>>sparse6<<:~?A___@_wB_[J?kG`wM_SIaWH_kLAcW@?J@cYAcI`OVBKPA{F@?Y_K`?[MAcH_cD_?U`wO__GdOTBcSBoiaOTCKEbkNAOTa{Ib{CBsNa?PDwr_OKEGrcK`E?qfOlb[BC[dEk~EcReGu_OhDS[d{{`GmgcWDXF`_}bSDC{wFKxasC@_ZEH@iG|a?yeCoGk?FpEbg{G[gDX?GKFE[XEkCFxB`OiISQEPS`oXdHEHdSIsl`GX_oOGKECXEHcJG@`_xCec^CCQEPQ_G_JsJbodCxTksDDgy`g[fh_gPI_?XBPf_gMBg|a?RAxCkkJcPG_OsFpk`k}KtGJkPD?pFHDiKoFHechE_HSghid`WNCRBxfL{IDkaHs@BwlESB_w_McKCCQC\WMs@C@NIPcOKFIXsdxd_PGMiFbWpF[JMcNCc?GPBOsL@w~KK|Ka?_oHF@\g@nMPsN\LJcmFXQK`g_pZRDqbgmFHKNkABKxNdOKSjIF,168.0,454.0,143.0,11955.0,-437.262319423
numlinks,prob_rewire,graphtype,numgraphs,numnodes,trim,jump,startX,numx,jumptype,irttype,irt_weight,beta,rcutoff,numedges,graph_seed,x_seed,truegraph,ll_tg,ll_tg_prior,ll_tg_irt,ll_tg_irt_prior,cost_uinvite,time_uinvite,bestgraph_uinvite,hit_uinvite,miss_uinvite,fa_uinvite,cr_uinvite,ll_uinvite
numlinks,prob_rewire,graphtype,numgraphs,numnodes,trim,jump,startX,numx,jumptype,irttype,irt_weight,beta,rcutoff,numedges,graph_seed,x_seed,truegraph,ll_tg,ll_tg_prior,ll_tg_irt,ll_tg_irt_prior,cost_uinvite,time_uinvite,bestgraph_uinvite,hit_uinvite,miss_uinvite,fa_uinvite,cr_uinvite,ll_uinvite
numlinks,prob_rewire,graphtype,numgraphs,numnodes,trim,jump,startX,numx,jumptype,irttype,irt_weight,beta,rcutoff,numedges,graph_seed,x_seed,truegraph,ll_tg,ll_tg_prior,ll_tg_irt,ll_tg_irt_prior,cost_uinvite,time_uinvite,bestgraph_uinvite,hit_uinvite,miss_uinvite,fa_uinvite,cr_uinvite,ll_uinvite
6,0.3,steyvers,1,60,0.7,0.0,stationary,10,stationary,gamma,0.9,0.909090909091,20,231,1,1,>>sparse6<<:{_O?K?AA_?OOM?@@?oc?AAAo?k?ECA`g?GL??_`?eCBB@pS?GEDO?g[VBAA`[OQLa`pWuCDDpg?KKL_?OOmADBBQ[?ULGPPh?fDBaxGuCBIDWO_WMFoP?clA@`PHEABDAqK?CHEdGGKIGEO?_gvA@aa`ySZ_`AHUMJEcGOcTCA``hU?ACbYHtDADcQ`kzCAbQkKg]PIWGsaTMhwWSs]`AQHtTIUJgGSW_dGdKp?p``TQuCIIGeSDarcAsIXd@IfUcseYUo?_kgebbQF,-1115.16099907,,,,197.0,0:04:47.546064,>>sparse6<<:{_OW?EAB_?gOU?BAo?OM?A@`gW_R@@?oo_T??`?o_T??`wWgVCCb@k?UN`@?kq?ECbW?GbEHCqckYObBQ[[QPaOaHOj?@A@_whGCbQpiEDCbW?[UNGew?OIGDbQ`gvBCEg?OOHDBAHmABFdBsyGIGdRqAMJEcBsKSMOGW`?aTMqAh[o\NSQ`Sy]PO`Gw]PLfW_saUNGgXOw]QITSCITMgc{KIPIEbhxAaTo_hKq\QIhQHWm_bBaAQINGdKOW_WpPpLSl`@PO{gafKUZUOJEECILKlXO?HSyiYOQX[sfTjW?_SSMHczYMLFcAyF,151.0,80.0,117.0,1422.0,-939.31524469
numlinks,prob_rewire,graphtype,numgraphs,numnodes,trim,jump,startX,numx,jumptype,irttype,irt_weight,beta,rcutoff,numedges,graph_seed,x_seed,truegraph,ll_tg,ll_tg_prior,ll_tg_irt,ll_tg_irt_prior,cost_uinvite,time_uinvite,bestgraph_uinvite,hit_uinvite,miss_uinvite,fa_uinvite,cr_uinvite,ll_uinvite
numlinks,prob_rewire,graphtype,numgraphs,numnodes,trim,jump,startX,numx,jumptype,irttype,irt_weight,beta,rcutoff,numedges,graph_seed,x_seed,truegraph,ll_tg,ll_tg_prior,ll_tg_irt,ll_tg_irt_prior,cost_uinvite,time_uinvite,bestgraph_uinvite,hit_uinvite,miss_uinvite,fa_uinvite,cr_uinvite,ll_uinvite
numlinks,prob_rewire,graphtype,numgraphs,numnodes,trim,jump,startX,numx,jumptype,irttype,irt_weight,beta,rcutoff,numedges,graph_seed,x_seed,truegraph,ll_tg,ll_tg_prior,ll_tg_irt,ll_tg_irt_prior,cost_uinvite,time_uinvite,bestgraph_uinvite,hit_uinvite,miss_uinvite,fa_uinvite,cr_uinvite,ll_uinvite
numlinks,prob_rewire,graphtype,numgraphs,numnodes,trim,jump,startX,numx,jumptype,irttype,irt_weight,beta,rcutoff,numedges,graph_seed,x_seed,truegraph,ll_tg,ll_tg_prior,ll_tg_irt,ll_tg_irt_prior,cost_uinvite,time_uinvite,bestgraph_uinvite,hit_uinvite,miss_uinvite,fa_uinvite,cr_uinvite,ll_uinvite
