subj,link1,link2,rw,invite,irt5,irt7,irt9
S101,peacock,zebra,1,1,1,1,1
S101,fox,rooster,0,0,1,0,0
S101,bunny,hare,1,1,1,1,1
S101,fish,bird,1,1,1,1,1
S101,chicken,pigeon,1,1,1,1,1
S101,mouse,polarbear,0,0,1,1,0
S101,lovebird,parrot,1,1,1,1,1
S101,polarbear,grizzlybear,1,1,1,1,1
S101,horse,swan,1,1,1,1,1
S101,pheasant,rhinoceros,1,1,1,1,1
S101,poodle,terrier,1,1,1,1,1
S101,zebra,hippopotamus,1,1,0,1,1
S101,swan,bee,1,1,1,1,1
S101,antelope,grizzlybear,1,1,1,1,1
S101,duck,lovebird,0,0,1,0,0
S101,mouse,hare,0,0,1,0,0
S101,mouse,llama,0,0,1,0,0
S101,lion,bird,1,1,1,0,1
S101,zebra,pig,0,0,1,1,0
S101,turkey,tortoise,1,1,1,1,1
S101,ant,mouse,1,1,1,1,1
S101,lion,dog,1,1,1,0,1
S101,bluerussian,persian,1,1,1,1,1
S101,shark,dolphin,1,1,0,1,1
S101,fox,dolphin,1,1,1,1,1
S101,horse,jaguar,1,1,1,1,1
S101,elephant,hyena,1,1,1,1,1
S101,fox,chicken,1,1,1,1,1
S101,grasshopper,beetle,1,1,1,1,1
S101,quail,warthog,0,0,1,0,0
S101,chicken,dolphin,0,0,1,1,0
S101,beetle,bee,1,1,1,1,1
S101,humunukuapua,pufferfish,1,1,1,1,1
S101,swan,bunny,0,0,1,0,0
S101,antelope,rhinoceros,1,1,0,1,1
S101,sparrow,frog,0,0,1,1,0
S101,ant,hare,1,1,1,1,1
S101,lion,cat,0,0,1,1,0
S101,warthog,polarbear,1,1,0,1,1
S101,rhinoceros,giraffe,0,0,1,1,0
S101,parrot,hyena,1,1,1,1,1
S101,elephant,jaguar,1,1,1,1,1
S101,sparrow,turkey,1,1,1,1,1
S101,grizzlybear,parrot,1,1,0,0,1
S101,bluerussian,poodle,1,1,1,1,1
S101,cat,bird,1,1,1,1,1
S101,rooster,whale,1,1,1,1,1
S101,antelope,bird,0,0,1,0,0
S101,antelope,mouse,1,1,0,0,1
S101,sparrow,fox,1,1,1,0,1
S101,hippopotamus,elephant,1,1,1,1,1
S101,lion,elephant,1,1,1,1,1
S101,shark,snail,1,1,1,1,1
S101,warthog,pig,1,1,1,1,1
S101,hippopotamus,monkey,1,1,1,1,1
S101,peacock,pig,1,1,1,1,1
S101,persian,humunukuapua,1,1,1,1,1
S101,dolphin,whale,1,1,0,0,1
S101,rooster,chicken,1,1,1,1,1
S101,swan,goose,1,1,1,1,1
S101,antelope,polarbear,0,0,1,1,0
S101,warthog,leopard,1,1,1,1,1
S101,tortoise,wolf,1,1,1,1,1
S101,bluerussian,humunukuapua,0,0,1,1,0
S101,grasshopper,frog,1,1,1,1,1
S101,antelope,shark,1,1,0,0,1
S101,bluerussian,terrier,0,0,1,0,0
S101,antelope,hyena,0,0,0,1,0
S101,elephant,giraffe,1,1,1,1,1
S101,monkey,jaguar,1,1,0,0,1
S101,duck,goose,1,1,1,1,1
S101,fox,frog,1,1,1,1,1
S101,antelope,hippopotamus,0,0,1,0,0
S101,dog,cat,1,1,1,1,1
S101,antelope,fish,1,1,1,1,1
S101,lion,hyena,1,1,1,1,1
S101,pheasant,quail,1,1,1,1,1
S101,lovebird,sunconure,1,1,1,1,1
S101,persian,pufferfish,0,0,1,0,0
S101,horse,goose,0,0,1,0,0
S101,germanshepherd,terrier,1,1,1,1,1
S101,antelope,parrot,0,0,1,0,0
S101,antelope,zebra,0,0,1,0,0
S101,germanshepherd,cat,1,1,1,1,1
S101,turkey,wolf,0,0,1,0,0
S101,grizzlybear,jaguar,0,0,1,0,0
S101,hippopotamus,hyena,1,1,1,1,1
S101,antelope,elephant,1,1,0,1,1
S101,fish,zebra,0,0,1,0,0
S101,elephant,snake,0,0,1,0,0
S101,snake,monkey,1,0,0,1,1
S101,quail,snake,1,1,1,1,1
S101,lovebird,hyena,0,0,1,0,0
S101,pufferfish,robin,1,1,1,1,1
S101,lovebird,cat,1,1,1,1,1
S101,pigeon,guineapig,1,1,1,1,1
S101,zebra,warthog,1,1,1,1,1
S101,pigeon,wolf,0,0,1,1,0
S101,beetle,frog,0,0,1,0,0
S101,mouse,snake,1,1,1,0,1
S101,rooster,snail,0,0,1,0,0
S101,cheetah,cat,1,1,1,1,1
S101,polarbear,snake,1,1,1,1,1
S101,elephant,cheetah,0,0,1,0,0
S101,leopard,snake,1,1,0,1,1
S101,guineapig,wolf,1,1,1,1,1
S101,lion,cheetah,1,1,1,1,1
S101,giraffe,robin,1,1,1,1,1
S101,polarbear,jaguar,0,0,1,0,0
S101,quail,leopard,0,0,1,0,0
S101,grasshopper,bee,0,0,1,1,0
S101,duck,sunconure,1,1,1,1,1
S101,slug,snail,1,1,1,1,1
S101,quail,rhinoceros,0,0,1,0,0
S101,elephant,monkey,0,0,1,1,0
S101,dolphin,llama,1,1,1,1,1
S101,ant,llama,1,1,1,1,1
S101,snake,jaguar,1,1,1,1,1
S101,zebra,polarbear,0,0,1,0,0
S101,slug,dog,1,1,1,1,1
S101,shark,rooster,0,0,1,0,0
S101,ant,snake,0,0,1,0,0
S101,shark,monkey,1,1,1,1,1
S101,bunny,goose,1,1,1,1,1
S102,lion,elephant,1,1,1,1,1
S102,turtle,llama,1,1,0,0,1
S102,owl,chicken,1,1,1,1,1
S102,cat,dog,1,1,1,1,1
S102,fox,wolf,1,1,1,1,1
S102,turtle,dog,0,0,1,0,0
S102,fish,cheetah,1,1,1,1,1
S102,owl,monkey,0,0,1,0,0
S102,owl,giraffe,1,1,0,1,1
S102,leopard,jaguar,1,1,1,1,1
S102,bird,dog,1,1,1,1,1
S102,giraffe,llama,1,1,1,1,1
S102,donkey,horse,1,1,1,1,1
S102,monkey,llama,0,0,1,0,0
S102,giraffe,ostrich,1,1,1,1,1
S102,cat,monkey,1,1,0,0,1
S102,cat,tiger,0,0,1,1,0
S102,horse,monkey,1,1,1,1,1
S102,bird,skunk,1,1,1,1,1
S102,owl,donkey,0,0,1,1,0
S102,zebra,falcon,1,1,1,1,1
S102,bear,dog,0,0,1,0,0
S102,elephant,tiger,1,1,1,1,1
S102,fox,bear,1,1,1,1,1
S102,turkey,ostrich,1,1,0,0,1
S102,turtle,wolf,1,0,0,0,0
S102,lion,cat,1,1,1,1,1
S102,chicken,turkey,1,1,1,1,1
S102,bobcat,cheetah,0,0,1,0,0
S102,turkey,cheetah,1,1,0,1,1
S102,turkey,falcon,0,0,1,0,0
S102,turtle,monkey,1,1,0,1,0
S102,horse,cheetah,0,0,1,1,0
S102,hyena,wolf,1,1,1,1,1
S102,cat,giraffe,0,0,1,0,0
S102,owl,turkey,1,1,1,1,1
S102,chicken,cow,0,0,1,0,0
S102,mountainlion,jaguar,1,1,1,1,1
S102,turtle,elephant,1,1,0,0,1
S102,elephant,cheetah,1,1,1,1,1
S102,zebra,ostrich,1,1,1,1,1
S102,monkey,tiger,0,0,1,0,0
S102,bobcat,jaguar,1,1,1,1,1
S102,horse,tiger,0,0,1,0,0
S102,coyotee,falcon,0,0,1,0,1
S102,tiger,skunk,1,1,1,1,1
S102,zebra,coyotee,1,1,1,1,1
S102,donkey,cheetah,1,1,1,1,1
S102,tiger,wolf,1,1,1,1,1
S102,bobcat,horse,1,1,0,1,1
S102,lion,zebra,1,1,1,1,1
S102,monkey,elephant,1,1,0,1,1
S102,cat,bear,1,1,1,1,1
S102,cat,llama,0,0,1,0,0
S102,donkey,cow,1,1,1,1,1
S102,donkey,giraffe,0,0,0,1,0
S102,owl,falcon,1,1,1,0,1
S102,fox,dog,1,1,0,1,1
S102,turtle,tiger,0,0,0,1,0
S102,coyotee,hyena,1,1,1,1,1
S102,cheetah,leopard,1,1,1,1,1
S102,monkey,giraffe,1,1,1,1,1
S102,horse,elephant,1,1,1,1,1
S102,lion,tiger,1,1,1,1,1
S102,donkey,llama,1,1,1,1,1
S102,horse,cow,1,1,1,1,1
S102,cheetah,jaguar,0,0,1,0,0
S102,llama,dog,1,1,1,1,1
S102,donkey,monkey,1,1,1,1,1
S102,bobcat,mountainlion,1,0,1,1,1
S103,woolymammoth,elephant,1,1,1,1,1
S103,penguin,snail,1,1,1,1,1
S103,orangutan,donkey,1,1,1,1,1
S103,lemur,gorilla,1,1,0,1,1
S103,zebra,hamster,0,0,1,0,0
S103,llama,woolymammoth,1,1,1,1,1
S103,horse,donkey,1,1,1,1,1
S103,rat,dog,0,0,1,0,0
S103,catfish,penguin,1,1,1,1,1
S103,bear,pig,0,0,1,0,0
S103,seagull,rhinoceros,0,0,1,0,0
S103,ferret,weasel,1,1,1,1,1
S103,kangaroo,mouse,1,1,1,1,1
S103,rabbit,capybara,1,1,1,1,1
S103,giraffe,hippopotamus,1,1,1,1,1
S103,lion,flyingsquirel,0,0,1,0,0
S103,mule,donkey,1,1,1,1,1
S103,chipmunk,moose,1,1,1,1,1
S103,chicken,panda,1,1,1,1,1
S103,piranha,goldfish,1,1,1,1,1
S103,orangutan,monkey,1,1,1,1,1
S103,sloth,cat,1,1,1,0,1
S103,llama,alpaca,1,1,1,1,1
S103,redpanda,boar,1,1,1,1,1
S103,llama,goat,1,1,1,1,1
S103,bear,wolf,1,1,1,1,1
S103,snake,cheetah,0,0,1,0,0
S103,raptor,horse,0,0,1,0,0
S103,rat,koala,1,1,1,1,1
S103,bear,monkey,1,1,1,1,1
S103,bee,cheetah,1,1,1,1,1
S103,redpanda,alpaca,0,0,1,0,0
S103,bear,gorilla,0,0,1,0,0
S103,cranefly,fly,1,1,1,1,1
S103,lion,hippopotamus,1,1,1,1,1
S103,rat,goat,1,1,1,1,1
S103,marmoset,hamster,1,1,1,1,1
S103,lion,redpanda,1,1,1,1,1
S103,tick,hawk,1,1,1,1,1
S103,chimpanzee,gorilla,1,1,1,1,1
S103,piranha,flyingsquirel,1,1,1,1,1
S103,gerbil,bluejay,0,0,1,0,0
S103,cranefly,raven,0,0,1,0,0
S103,octopus,ocelot,1,1,1,1,1
S103,kangaroo,yellowjacket,1,1,1,1,1
S103,antelope,pig,1,1,1,1,1
S103,kangaroo,seacow,1,1,1,1,1
S103,hamster,bluejay,1,1,1,1,1
S103,mantis,ocelot,1,1,0,0,0
S103,chimpanzee,chipmunk,0,0,1,0,0
S103,human,cheetah,1,1,1,1,1
S103,rat,pig,1,1,1,1,1
S103,parrot,eagle,1,1,1,1,1
S103,dinosaur,raptor,1,1,1,1,1
S103,zebra,panda,0,0,1,0,0
S103,seal,mink,1,1,1,1,1
S103,lemur,hamster,0,0,1,0,0
S103,goose,zebra,1,1,1,1,1
S103,weasel,mink,1,1,1,1,1
S103,lion,sealion,1,1,1,1,1
S103,human,boar,1,1,0,1,1
S103,rabbit,slowloris,1,1,1,1,1
S103,antelope,rhinoceros,1,1,1,1,1
S103,catfish,whale,1,1,1,1,1
S103,ocelot,leopard,1,1,1,1,1
S103,redpanda,pig,0,0,1,0,0
S103,bear,rat,1,1,1,1,1
S103,goose,hawk,1,1,1,1,1
S103,bat,bee,1,1,1,1,1
S103,seacow,mouse,0,0,1,0,0
S103,moose,hawk,1,1,1,1,1
S103,raptor,deer,1,1,1,1,1
S103,octopus,raven,1,1,1,1,1
S103,piranha,tiger,1,1,1,1,1
S103,mantis,rhinoceros,1,1,1,1,1
S103,crane,mouse,1,1,1,1,1
S103,seacow,deer,0,0,1,1,0
S103,duck,fly,1,1,1,1,1
S103,zebra,gerbil,1,1,1,1,1
S103,redpanda,donkey,0,0,1,0,0
S103,zebra,gorilla,1,1,1,1,1
S103,lion,zebra,1,1,1,1,1
S103,cranefly,crow,1,1,1,1,1
S103,sloth,koala,1,1,1,1,1
S103,sloth,dog,1,1,1,1,1
S103,goldfish,tiger,0,0,1,0,0
S103,boar,gorilla,0,0,1,0,0
S103,crow,raven,1,1,1,1,1
S103,sheep,goat,1,1,1,1,1
S103,snake,goldfish,1,1,1,1,1
S103,bear,orangutan,0,0,1,0,0
S103,tiger,gorilla,1,1,1,1,1
S103,otter,dolphin,0,0,0,1,0
S103,human,marmoset,1,1,1,1,1
S103,giraffe,mule,1,1,1,1,1
S103,zebra,redpanda,0,0,1,0,0
S103,swan,hawk,1,1,1,1,1
S103,otter,polarbear,1,1,1,1,1
S103,sheep,alpaca,1,1,1,1,1
S103,lemur,boar,1,1,1,1,1
S103,snake,ocelot,1,1,1,1,1
S103,human,cat,1,0,1,1,1
S103,seacow,horse,1,1,1,1,1
S103,horse,deer,1,1,1,1,1
S103,piranha,mantis,1,1,1,1,1
S103,chicken,cow,0,0,1,0,0
S103,llama,redpanda,1,1,0,1,1
S103,sugarglider,hyena,1,1,1,1,1
S103,squirrel,chipmunk,1,1,1,1,1
S103,snake,wolf,1,1,1,1,1
S103,cat,dog,1,1,1,1,1
S103,rat,mouse,1,1,1,1,1
S103,chicken,seacow,1,1,1,1,1
S103,orangutan,gorilla,1,1,1,1,1
S103,crow,mink,0,0,1,1,0
S103,boar,pig,1,1,1,1,1
S103,belugawhale,whale,1,1,1,1,1
S103,sloth,slowloris,1,1,1,1,1
S103,otter,seal,1,1,1,1,1
S103,eagle,bluejay,1,1,1,1,1
S103,tiger,cheetah,1,1,1,1,1
S103,sealion,belugawhale,1,1,1,1,1
S103,polarbear,dolphin,1,1,1,1,1
S103,marmoset,dinosaur,1,1,1,1,1
S103,sealion,seagull,1,1,1,1,1
S103,swan,kangaroo,1,1,1,1,1
S103,marmoset,lemur,1,1,1,0,1
S103,squirrel,deer,1,1,1,1,1
S103,ocelot,tiger,1,1,1,1,1
S103,cheetah,leopard,1,1,1,1,1
S103,crow,duck,1,1,1,1,1
S103,lemur,pig,0,0,1,0,0
S103,cranefly,mouse,0,0,1,0,0
S103,raven,mink,1,1,1,1,1
S103,gerbil,mouse,1,1,1,1,1
S103,cranefly,crane,1,1,1,1,1
S103,penguin,dolphin,1,1,1,1,1
S103,ocelot,cheetah,0,0,1,0,0
S103,eagle,hawk,1,1,1,1,1
S103,gerbil,hamster,1,1,1,1,1
S103,giraffe,goat,1,1,1,1,1
S103,bear,boar,0,0,1,0,0
S103,tick,snail,1,1,1,1,1
S103,seacow,cow,1,1,1,1,1
S103,hamster,alpaca,1,1,1,1,1
S103,piranha,gorilla,0,0,1,0,0
S103,parrot,hawk,1,1,1,1,1
S103,cow,pig,1,1,1,1,1
S103,lion,seal,0,0,1,0,0
S103,cat,cheetah,0,0,1,0,0
S103,sealion,mantis,0,0,1,0,0
S103,seal,mantis,1,1,1,1,1
S103,blackheadedgull,seagull,1,1,1,1,1
S103,alpaca,capybara,1,1,1,1,1
S103,ferret,hamster,1,1,1,1,1
S103,horse,chimpanzee,1,1,1,1,1
S103,alpaca,goat,0,0,1,1,0
S103,wolf,cheetah,1,1,1,1,1
S103,panda,redpanda,1,1,1,1,1
S103,turtle,lion,1,1,1,1,1
S103,panda,donkey,1,1,1,1,1
S103,eagle,crane,1,1,1,1,1
S103,mouse,dog,1,1,1,1,1
S103,wolf,mink,1,1,1,1,1
S103,blackheadedgull,sugarglider,1,1,1,1,1
S103,giraffe,gerbil,0,0,1,0,0
S103,lion,wolf,1,1,0,1,1
S103,deer,slowloris,1,1,1,1,1
S103,woolymammoth,goat,0,0,1,0,0
S103,bat,panda,1,1,1,1,1
S103,human,dog,1,1,1,1,1
S103,yellowjacket,hyena,1,1,1,1,1
S103,catfish,belugawhale,0,0,1,0,0
S103,zebra,elephant,1,1,1,1,1
S103,lion,gorilla,0,0,1,0,0
S103,human,bear,1,1,1,1,1
S103,seal,sealion,1,1,1,1,1
S103,turtle,slowloris,1,1,1,1,1
S103,marmoset,boar,0,0,0,1,0
S103,giraffe,zebra,1,1,1,1,1
S104,pig,rabbit,1,1,1,1,1
S104,elephant,wildebeast,1,1,1,1,1
S104,elephant,lemur,1,1,1,1,1
S104,python,platypus,1,1,1,1,1
S104,marmot,bluejay,1,1,1,1,1
S104,crocodile,pandabear,0,0,1,0,0
S104,fox,polarbear,1,1,1,1,1
S104,opossum,groundhog,0,0,1,0,0
S104,pandabear,platypus,1,1,0,0,1
S104,groundhog,raccoon,1,1,1,1,1
S104,pandabear,grizzlybear,1,1,1,1,1
S104,alligator,platypus,1,1,1,1,1
S104,pandabear,polarbear,0,0,1,0,0
S104,pig,hedgehog,1,1,1,1,1
S104,dolphin,elephant,0,0,1,1,0
S104,baldeagle,buffalo,1,1,0,1,1
S104,otter,caribou,0,0,1,0,0
S104,racoon,skunk,1,1,1,1,1
S104,python,koalabear,1,1,1,1,1
S104,dolphin,trout,1,1,1,1,1
S104,alligator,scorpion,1,1,1,1,1
S104,porcupine,ferret,0,0,1,0,0
S104,horse,lemur,0,0,1,0,0
S104,elephant,bluewhale,1,1,1,1,1
S104,fox,crab,1,1,0,0,1
S104,pig,porcupine,1,1,1,1,1
S104,lion,tiger,1,1,1,1,1
S104,deer,scorpion,1,0,0,0,0
S104,groundhog,hedgehog,1,1,1,1,1
S104,woodpecker,baldeagle,1,1,1,1,1
S104,deer,sheep,1,1,1,1,1
S104,dolphin,hedgehog,0,0,1,0,0
S104,lobster,scorpion,1,1,1,1,1
S104,woodpecker,bluejay,1,1,1,1,1
S104,platypus,scorpion,1,1,1,1,1
S104,rabbit,dog,0,0,1,0,0
S104,grizzlybear,koalabear,0,0,1,0,0
S104,dolphin,greatwhiteshark,1,1,1,1,1
S104,crocodile,anaconda,1,1,0,1,1
S104,otter,lemur,1,1,1,1,1
S104,mongoose,grizzlybear,1,1,1,1,1
S104,mouse,ferret,1,1,1,1,1
S104,squirrel,lemur,1,1,1,1,1
S104,mongoose,cougar,1,1,1,1,1
S104,moose,otter,0,0,1,0,0
S104,polarbear,tiger,1,1,1,1,1
S104,opossum,racoon,1,1,1,1,1
S104,mouse,parrot,1,1,1,1,1
S104,baldeagle,tiger,0,0,1,0,0
S104,opossum,polarbear,0,0,1,0,0
S104,pig,boar,1,1,1,1,1
S104,boar,ferret,1,1,1,0,1
S104,trout,hedgehog,1,1,1,1,1
S104,horse,elephant,1,1,1,1,1
S104,pandabear,koalabear,1,1,1,1,1
S104,lion,opossum,1,1,1,1,1
S104,cougar,tiger,1,1,1,1,1
S104,greatwhiteshark,elephant,1,1,1,1,1
S104,baldeagle,otter,1,1,1,1,1
S104,ferret,rabbit,1,1,0,1,1
S104,opossum,buffalo,0,0,0,1,0
S104,deer,parrot,1,1,1,1,1
S104,cougar,polarbear,1,1,1,1,1
S104,baldeagle,lemur,0,0,1,0,0
S104,anaconda,parrot,1,1,0,1,1
S104,moose,skunk,1,1,0,1,1
S104,polarbear,koalabear,1,1,1,1,1
S104,killerwhale,dolphin,0,0,1,0,0
S104,elephant,buffalo,0,0,1,0,0
S104,badger,racoon,0,0,1,0,0
S104,elk,wildebeast,1,1,1,1,1
S104,lion,cougar,0,0,1,0,0
S104,lemur,groundhog,0,0,1,0,0
S104,polarbear,platypus,0,0,1,0,0
S104,dolphin,bluewhale,1,1,1,1,1
S104,ferret,parrot,0,0,0,1,0
S104,elk,caribou,1,1,1,1,1
S104,owl,trout,1,1,1,1,1
S104,crocodile,python,0,0,1,0,0
S104,moose,caribou,1,1,1,1,1
S104,owl,fox,1,1,1,1,1
S104,dog,cat,1,1,1,1,1
S104,badger,wolverine,1,1,1,1,1
S104,pig,python,1,1,1,1,1
S104,porcupine,hedgehog,1,1,0,0,1
S104,lobster,crab,1,1,1,1,1
S104,dolphin,penguin,1,1,1,1,1
S104,lobster,trout,1,1,1,1,1
S104,deer,platypus,1,1,1,1,1
S104,penguin,bluewhale,0,0,1,0,0
S104,pig,ferret,1,1,1,1,1
S104,deer,wildebeast,1,1,1,1,1
S104,ferret,lemur,1,1,1,1,1
S104,dolphin,fox,1,1,1,1,1
S104,buffalo,parrot,1,1,0,1,1
S104,porcupine,buffalo,1,1,0,1,1
S104,cougar,opossum,1,1,1,1,1
S104,polarbear,python,0,0,1,0,0
S104,killerwhale,greatwhiteshark,1,1,1,1,1
S104,buffalo,wildebeast,1,1,1,1,1
S104,lobster,jellyfish,1,1,1,1,1
S104,goat,penguin,1,1,1,1,1
S104,opossum,raccoon,1,1,1,1,1
S104,fox,trout,0,0,1,1,0
S104,crocodile,platypus,1,1,1,1,1
S104,lion,polarbear,1,1,1,1,1
S104,python,skunk,1,1,1,1,1
S104,deer,buffalo,0,0,1,0,0
S104,deer,elephant,0,0,0,1,0
S104,baldeagle,raccoon,0,0,1,0,0
S104,owl,ferret,1,1,1,1,1
S104,wolverine,baldeagle,1,1,1,1,1
S104,squirrel,groundhog,1,1,1,1,1
S104,crab,porcupine,0,0,1,0,0
S104,crab,scorpion,0,0,1,0,0
S104,deer,python,0,0,1,0,0
S104,jellyfish,octopus,1,1,1,1,1
S104,killerwhale,marmot,1,1,1,1,1
S104,opossum,tiger,0,0,1,1,0
S104,anaconda,python,1,1,1,1,1
S104,wolverine,racoon,0,0,1,0,0
S104,mouse,dog,0,0,1,0,0
S104,python,parrot,0,0,1,0,0
S104,buffalo,platypus,0,0,1,0,0
S104,opossum,baldeagle,1,1,1,1,1
S104,jellyfish,scorpion,0,0,1,0,0
S104,crocodile,alligator,1,1,1,1,1
S104,greatwhiteshark,wildebeast,0,0,1,0,0
S104,buffalo,tiger,1,1,1,1,1
S104,porcupine,starfish,1,1,0,1,1
S104,skunk,lemur,1,1,1,1,1
S104,crab,starfish,1,1,1,1,1
S104,horse,cat,1,1,1,1,1
S104,crab,octopus,1,1,0,0,1
S104,boar,sheep,1,1,1,1,1
S104,crab,jellyfish,0,0,0,1,0
S104,badger,lemur,1,1,0,1,1
S105,lion,elephant,1,1,1,1,1
S105,mouse,rat,1,1,1,1,1
S105,fish,dolphin,0,0,1,0,0
S105,shark,octopus,1,1,0,0,1
S105,donkey,lion,1,1,1,1,1
S105,dolphin,shark,1,1,1,1,1
S105,hippopotamus,ostrich,1,1,0,0,0
S105,pig,cow,1,1,1,1,1
S105,horse,cow,0,0,1,0,0
S105,ant,whale,1,1,1,1,1
S105,donkey,horse,1,1,1,1,1
S105,cat,gerbil,1,1,1,1,1
S105,snake,rat,1,1,1,1,1
S105,pig,chicken,1,1,1,1,1
S105,dolphin,dog,1,1,1,1,1
S105,fish,ostrich,1,1,1,1,1
S105,turtle,zebra,1,1,1,1,1
S105,lion,ostrich,1,1,1,1,1
S105,fish,dog,1,1,1,1,1
S105,sheep,wolf,1,1,1,1,1
S105,snake,bat,0,0,1,0,0
S105,chicken,octopus,1,1,1,1,1
S105,ant,elephant,1,1,1,1,1
S105,mouse,snake,0,0,1,0,0
S105,whale,ostrich,1,1,1,1,1
S105,horse,bat,1,1,0,1,1
S105,snake,cow,1,1,1,1,1
S105,chicken,cow,1,1,1,1,1
S105,sheep,horse,1,1,0,0,1
S105,elephant,ostrich,0,0,1,1,1
S105,elephant,giraffe,1,1,1,1,1
S105,cat,dog,1,1,1,1,1
S105,sheep,whale,0,0,1,0,0
S105,pig,horse,1,1,1,1,1
S105,elephant,leopard,1,0,0,0,0
S105,lion,giraffe,1,1,1,1,1
S105,donkey,leopard,1,0,1,1,1
S105,dolphin,ostrich,0,0,1,0,0
S105,lion,zebra,0,0,1,1,0
S105,dolphin,cow,1,1,1,1,1
S105,lion,leopard,1,1,1,1,1
S105,mouse,gerbil,1,1,1,1,1
S105,bat,rat,0,0,1,0,0
S105,donkey,zebra,1,1,1,1,1
S105,zebra,elephant,0,0,1,1,0
S105,dolphin,whale,1,1,1,1,1
S105,leopard,giraffe,1,1,0,0,1
S105,fish,cat,1,1,1,1,1
S105,sheep,cow,1,1,0,1,1
S105,hippopotamus,elephant,1,1,1,1,1
S105,elephant,whale,0,0,1,0,0
S105,giraffe,dog,1,1,1,1,1
S105,fish,elephant,1,1,0,1,1
S105,dolphin,sheep,0,0,1,1,0
S105,zebra,giraffe,1,1,1,1,1
S105,bat,skunk,1,1,1,1,1
S105,fish,shark,1,1,0,1,1
S106,lion,elephant,1,1,1,1,1
S106,mouse,gerbil,1,1,1,1,1
S106,flamingo,polarbear,1,1,1,1,1
S106,horse,giraffe,1,1,0,0,0
S106,pig,elephant,1,1,0,1,1
S106,panda,alligator,1,1,1,1,1
S106,coyote,penguin,1,1,1,1,1
S106,buffalo,lemur,1,1,1,1,1
S106,possum,rabbit,1,1,0,1,1
S106,alligator,kangaroo,0,0,1,0,0
S106,pig,buffalo,0,0,1,0,0
S106,mouse,armadillo,1,1,1,1,1
S106,squirrel,racoon,1,1,1,1,1
S106,rabbit,walrus,0,0,1,0,0
S106,possum,cow,1,1,1,1,1
S106,eagle,coyote,0,0,1,0,0
S106,penguin,polarbear,1,1,1,1,1
S106,pig,chicken,1,1,1,1,1
S106,elephant,tiger,0,0,1,1,0
S106,alligator,elephant,1,1,1,1,1
S106,lion,horse,1,1,1,1,1
S106,tiger,dog,0,0,1,1,0
S106,panda,kangaroo,1,1,1,1,1
S106,chicken,buffalo,1,1,1,1,1
S106,penguin,flamingo,0,0,1,0,0
S106,bear,hawk,1,1,1,1,1
S106,racoon,cow,1,1,1,1,1
S106,elephant,bear,1,1,1,1,1
S106,skunk,possum,1,1,0,1,1
S106,flamingo,walrus,0,0,1,0,0
S106,coyote,polarbear,0,0,1,0,0
S106,possum,dog,1,1,1,1,1
S106,chicken,giraffe,1,1,0,0,1
S106,elephant,giraffe,1,1,1,1,1
S106,bear,penguin,0,0,1,0,0
S106,skunk,armadillo,1,1,1,1,1
S106,duck,walrus,1,1,1,1,1
S106,alligator,rabbit,1,1,1,1,1
S106,horse,snake,1,1,1,1,1
S106,dog,cat,1,1,1,1,1
S106,pig,penguin,1,1,0,0,1
S106,mouse,bat,1,1,1,1,1
S106,mouse,eagle,1,1,0,1,1
S106,mouse,skunk,0,0,1,0,0
S106,alligator,walrus,1,1,1,1,1
S106,mouse,dog,0,0,1,0,0
S106,hawk,penguin,1,1,1,1,1
S106,tiger,giraffe,0,0,1,0,0
S106,squirrel,bat,1,1,0,1,1
S106,coyotee,lemur,1,1,1,1,1
S106,duck,polarbear,0,0,1,0,0
S106,lion,dog,1,1,1,1,1
S106,bear,tiger,1,1,1,1,1
S106,pig,tiger,0,0,1,0,0
S106,coyotee,giraffe,1,1,0,1,1
S106,eagle,hawk,1,1,1,1,1
S106,tiger,bat,1,1,0,0,1
S106,gerbil,giraffe,1,1,1,1,1
S106,horse,elephant,1,1,1,0,1
S106,lion,tiger,1,1,1,1,1
S106,bat,dog,1,1,1,1,1
S106,coyote,hawk,1,1,1,1,1
S106,gerbil,eagle,0,0,1,0,0
S106,duck,flamingo,1,1,1,1,1
S106,kangaroo,skunk,1,1,1,1,1
S106,possum,cat,0,0,1,0,0
S107,mouse,rat,1,1,1,1,1
S107,manatee,orca,1,1,1,1,1
S107,pelican,stingray,1,1,1,1,1
S107,sparrow,hawk,1,1,1,1,1
S107,cougar,bison,1,1,1,1,1
S107,bear,whale,0,0,1,0,0
S107,panda,humpbackwhale,0,0,1,0,0
S107,donkey,chicken,1,1,1,1,1
S107,tuna,cod,1,1,1,1,1
S107,stork,robin,1,1,1,1,1
S107,whale,narwhal,1,1,1,1,1
S107,snappingturtle,seaturtle,1,1,1,1,1
S107,ferret,rat,1,1,1,1,1
S107,sparrow,robin,1,1,1,1,1
S107,cheetah,rhinoceros,1,1,1,1,1
S107,chicken,manatee,0,0,1,0,0
S107,kangaroo,rat,1,1,1,1,1
S107,panda,orca,0,0,1,1,0
S107,cheetah,tiger,0,0,1,0,0
S107,skate,greatwhiteshark,1,1,1,1,1
S107,boxturtle,snappingturtle,1,1,1,1,1
S107,donkey,cow,0,0,1,0,0
S107,squid,bison,1,1,1,1,1
S107,tiger,whale,1,1,1,1,1
S107,leopard,tiger,0,0,1,0,0
S107,frog,toad,1,1,1,1,1
S107,bobcat,boxturtle,1,1,1,1,1
S107,lemur,orangutan,1,1,1,1,1
S107,puma,orangutan,0,0,1,0,0
S107,stingray,jellyfish,1,1,1,1,1
S107,wolfhound,fox,1,1,1,1,1
S107,hippopotamus,catamount,1,1,1,1,1
S107,panther,jaguar,1,1,1,1,1
S107,lion,tiger,1,1,1,1,1
S107,turtle,stork,1,1,1,1,1
S107,wolfhound,beagle,1,1,1,1,1
S107,skate,rattlesnake,1,1,1,1,1
S107,puma,jaguar,0,0,1,0,0
S107,gorilla,cougar,0,0,1,0,0
S107,salmon,tuna,1,1,1,1,1
S107,jellyfish,octopus,1,1,1,1,1
S107,seal,narwhal,1,1,1,1,1
S107,elephant,hyena,1,1,0,1,1
S107,greatwhiteshark,narwhal,0,0,1,0,0
S107,seal,manatee,1,1,1,1,1
S107,gorilla,puma,1,1,1,1,1
S107,cheetah,leopard,1,1,1,1,1
S107,donkey,horse,1,1,1,1,1
S107,fox,waterbuffalo,1,1,1,1,1
S107,capybara,giraffe,1,1,0,1,1
S107,fox,manatee,1,1,0,1,1
S107,stork,flamingo,1,1,1,1,1
S107,panda,kangaroo,1,1,1,1,1
S107,chicken,ba,1,1,1,1,1
S107,fox,narwhal,0,0,1,0,0
S107,panther,tiger,1,1,1,1,1
S107,bulldog,tiger,1,1,1,1,1
S107,deer,orangutan,1,1,1,1,1
S107,horse,cow,1,1,1,1,1
S107,salmon,seaturtle,1,1,1,1,1
S107,stork,toad,0,0,1,0,0
S107,hippopotamus,rhinoceros,1,1,1,1,1
S107,humpbackwhale,narwhal,1,1,1,1,1
S107,puma,cougar,1,1,1,1,1
S107,cheetah,elephant,1,1,1,1,1
S107,giraffe,buffalo,1,1,1,1,1
S107,manatee,narwhal,1,1,1,1,1
S107,capybara,rat,0,0,1,0,0
S107,tiger,jaguar,0,0,1,0,0
S107,squid,octopus,1,1,1,1,1
S107,waterbuffalo,lemur,0,0,1,0,0
S107,hammerheadshark,greatwhiteshark,1,1,1,1,1
S107,sheep,goat,1,1,1,1,1
S107,lion,elephant,1,1,1,1,1
S107,wolf,flamingo,1,1,1,1,1
S107,sheep,bison,1,1,0,1,1
S107,pelican,stork,1,1,1,1,1
S107,toad,flamingo,1,1,1,1,1
S107,bluewhale,narwhal,1,1,1,1,1
S107,cougar,chimpanzee,1,1,1,1,1
S107,robin,hyena,0,0,1,0,0
S107,antelope,oryx,1,1,1,1,1
S107,chicken,bison,0,0,1,0,0
S107,cheetah,hippopotamus,0,0,1,1,0
S107,chicken,sheep,1,1,1,1,1
S107,manatee,cow,1,1,1,1,1
S107,koala,orca,1,1,1,1,1
S107,bear,cat,1,1,1,1,1
S107,seal,fox,0,0,1,0,0
S107,oryx,giraffe,1,1,1,1,1
S107,chicken,cow,1,1,1,1,1
S107,fish,buffalo,1,1,1,1,1
S107,puma,elephant,0,0,1,0,0
S107,boar,panther,1,1,1,1,1
S107,dog,cat,1,1,1,1,1
S107,mouse,capybara,1,1,1,1,1
S107,wolf,fox,1,1,1,1,1
S107,puma,catamount,1,1,1,1,1
S107,greatwhiteshark,bison,1,1,0,1,1
S107,gorilla,chimpanzee,1,1,0,1,1
S107,antelope,hyena,1,1,1,1,1
S107,donkey,goat,1,0,0,1,1
S107,lion,leopard,1,1,1,1,1
S107,elephant,catamount,0,0,1,0,0
S107,leopard,tuna,1,1,1,1,1
S107,capybara,jaguar,1,1,1,1,1
S107,rattlesnake,hyena,1,1,0,1,1
S107,waterbuffalo,porpoise,1,1,1,1,1
S107,leopard,jaguar,1,1,1,1,1
S107,wolf,bobcat,1,1,1,1,1
S107,cheetah,hyena,0,0,1,0,0
S107,stork,hyena,1,1,1,1,1
S107,deer,chimpanzee,0,0,1,0,0
S107,leopard,salmon,0,0,1,0,0
S107,hippopotamus,hyena,1,1,1,1,1
S107,jaguar,hyena,1,1,0,0,1
S107,leopard,giraffe,1,1,1,1,1
S107,greatwhiteshark,bluewhale,1,1,1,1,1
S107,panda,koala,1,1,1,1,1
S107,capybara,leopard,0,0,1,0,0
S107,turtle,toad,1,1,1,1,1
S107,hammerheadshark,salmon,1,1,1,1,1
S107,cheetah,puma,1,1,0,1,1
S107,panda,rat,0,0,1,0,0
S107,cheetah,jaguar,1,1,1,1,1
S107,cougar,orangutan,0,0,0,1,0
S107,fish,dog,1,1,1,1,1
S107,humpbackwhale,orca,1,1,1,1,1
S107,ba,cod,1,1,1,1,1
S107,sheep,robin,1,1,1,1,1
S107,sealion,manatee,1,1,1,1,1
S107,donkey,panther,1,1,1,1,1
S107,deer,horse,1,1,1,1,1
S107,deer,cat,0,0,0,1,0
S107,lion,cheetah,1,1,1,1,1
S107,donkey,sheep,1,1,1,1,1
S107,narwhal,orca,0,0,1,1,0
S107,boxturtle,seaturtle,0,0,1,0,0
S107,greatwhiteshark,orca,0,0,1,0,0
S107,cougar,jaguar,1,1,1,1,1
S107,stork,eagle,1,1,1,1,1
S107,rhinoceros,tiger,1,1,1,1,1
S107,panda,ferret,1,1,0,1,1
S107,rattlesnake,frog,1,1,1,1,1
S107,sheep,horse,1,0,1,1,1
S107,eagle,hawk,1,1,1,1,1
S107,chicken,horse,0,0,1,1,1
S107,seal,sealion,1,1,1,1,1
S107,rattlesnake,toad,0,0,1,0,0
S107,robin,flamingo,1,1,1,1,1
S107,frog,flamingo,0,0,1,0,0
S107,fox,lemur,1,1,1,1,1
S107,puma,chimpanzee,0,0,1,1,0
S107,chimpanzee,orangutan,1,1,1,1,1
S108,mouse,rat,1,1,1,1,1
S108,rooster,rabbit,1,1,1,1,1
S108,leopard,giraffe,0,0,1,0,0
S108,dolphin,orca,1,1,1,1,1
S108,fish,rooster,1,1,1,1,1
S108,crocodile,elephant,0,0,1,1,0
S108,snake,gorilla,0,0,1,0,0
S108,camel,donkey,1,1,1,1,1
S108,chicken,pig,1,1,1,1,1
S108,mouse,snake,1,1,1,1,1
S108,shrimp,octopus,1,1,1,1,1
S108,crocodile,snake,0,0,1,0,0
S108,zebra,hippopotamus,1,1,1,1,1
S108,bear,wolf,1,1,1,1,1
S108,shark,whale,1,1,1,1,1
S108,ostrich,emu,1,1,1,1,1
S108,sloth,mammoth,1,1,1,1,1
S108,mouse,hippopotamus,1,1,1,1,1
S108,whale,tuna,1,1,1,1,1
S108,chinchilla,rabbit,1,1,1,1,1
S108,sheep,ram,1,1,1,1,1
S108,whale,dolphin,1,1,1,1,1
S108,goose,chicken,1,1,1,1,1
S108,leopard,tiger,0,0,1,1,0
S108,turtle,duck,0,0,1,0,0
S108,owl,ape,1,1,1,1,1
S108,coyotee,walrus,1,1,1,1,1
S108,cheetah,tiger,1,1,1,1,1
S108,shark,dolphin,1,1,1,1,1
S108,chipmunk,tiger,0,0,1,1,0
S108,whale,bat,1,1,1,1,1
S108,sheep,parrot,1,1,1,1,1
S108,lion,leopard,1,1,1,1,1
S108,crocodile,lizard,1,1,1,1,1
S108,turtle,rabbit,1,1,1,1,1
S108,camel,lizard,1,1,1,1,1
S108,alligator,elephant,1,1,1,1,1
S108,seal,bear,1,1,1,1,1
S108,chipmunk,gorilla,1,1,1,1,1
S108,donkey,horse,1,1,1,1,1
S108,manatee,walrus,1,1,1,1,1
S108,hippopotamus,parrot,1,1,1,1,1
S108,snake,hamster,1,1,1,1,1
S108,gazelle,giraffe,1,1,1,1,1
S108,goose,octopus,1,1,1,1,1
S108,giraffe,ostrich,1,1,1,1,1
S108,owl,parrot,1,1,0,0,1
S108,fox,tuna,0,0,0,1,0
S108,chipmunk,leopard,0,0,1,1,0
S108,sheep,pig,1,1,1,1,1
S108,monkey,gorilla,1,1,1,1,1
S108,turtle,rat,1,1,1,1,1
S108,duck,horse,1,1,1,1,1
S108,crocodile,chinchilla,1,1,1,1,1
S108,lion,giraffe,1,1,1,1,1
S108,owl,chipmunk,1,1,0,0,1
S108,dolphin,manatee,1,1,1,1,1
S108,ram,cow,1,1,0,0,1
S108,owl,hippopotamus,0,0,1,1,0
S108,parrot,hamster,1,1,1,1,1
S108,turtle,snake,1,1,1,1,1
S108,tiger,otter,1,1,1,1,1
S108,rat,emu,1,1,1,1,1
S108,fox,salmon,1,1,1,1,1
S108,rat,gorilla,1,1,1,1,1
S108,gazelle,cheetah,1,1,1,1,1
S108,sheep,cow,1,1,1,1,1
S108,duck,snake,0,0,1,1,0
S108,chipmunk,possum,1,1,1,0,1
S108,elephant,leopard,1,1,1,1,1
S108,chicken,dog,1,1,1,1,1
S108,hippopotamus,gazelle,1,1,1,1,1
S108,buffalo,cow,1,1,1,1,1
S108,lion,elephant,0,0,1,0,0
S108,zebra,mammoth,1,1,1,1,1
S108,mouse,gorilla,0,0,1,1,0
S108,chipmunk,sloth,1,1,1,1,1
S108,pig,cow,1,1,1,1,1
S108,hippopotamus,cheetah,0,0,1,1,0
S108,snake,rat,0,0,1,0,0
S108,rooster,chicken,1,1,1,1,1
S108,turtle,mouse,0,0,0,1,0
S108,pig,dog,0,0,1,1,0
S108,seal,alligator,1,1,1,1,1
S108,sloth,gorilla,1,1,1,0,1
S108,seal,wolf,0,0,1,0,0
S108,monkey,snake,1,1,1,1,1
S108,cow,dog,1,1,1,1,1
S108,elephant,giraffe,1,1,1,1,1
S108,cat,dog,1,1,1,1,1
S108,duck,goose,1,1,1,1,1
S108,leopard,bear,1,1,0,0,1
S108,turtle,gorilla,0,0,1,0,0
S108,horse,buffalo,1,1,0,1,1
S108,seal,orca,1,1,1,1,1
S108,salmon,tuna,1,1,1,1,1
S108,donkey,wolf,1,1,1,1,1
S108,cheetah,leopard,1,1,1,1,1
S108,ape,gorilla,1,1,1,1,1
S108,fish,shrimp,1,1,1,1,1
S108,turtle,ape,1,1,1,1,1
S108,alligator,bat,1,1,1,1,1
S108,sheep,wolf,1,1,1,1,1
S108,chipmunk,otter,1,1,1,1,1
S108,beaver,sloth,1,1,1,1,1
S108,lion,tiger,1,1,1,1,1
S108,camel,elephant,1,1,1,1,1
S108,elephant,tiger,0,0,1,0,0
S108,beaver,otter,1,1,1,1,1
S108,duck,donkey,0,0,1,0,0
S108,turtle,crocodile,1,1,0,1,1
S108,leopard,possum,1,1,1,1,1
S108,sheep,horse,0,0,1,0,0
S108,lion,cheetah,0,0,1,0,0
S108,donkey,sheep,0,0,1,0,0
S108,zebra,fox,1,1,1,1,1
S108,duck,lizard,1,1,1,1,1
S108,crocodile,alligator,1,1,1,1,1
S108,bear,tiger,1,1,1,1,1
S108,lion,gazelle,1,1,1,0,1
S108,coyotee,wolf,1,1,1,1,1
S108,tuna,dolphin,0,0,1,0,0
S108,snake,lizard,1,1,1,1,1
S109,shark,panda,1,1,1,1,1
S109,lamb,sheep,1,1,1,1,1
S109,rabbit,bull,0,0,1,0,0
S109,bull,ox,1,1,1,1,1
S109,duck,bear,0,0,1,0,0
S109,cow,ox,0,0,1,0,0
S109,snake,gorilla,1,1,1,1,1
S109,weasel,panther,1,1,1,1,1
S109,pigeon,polarbear,0,0,1,0,0
S109,sheep,ox,0,0,1,1,0
S109,bear,wolf,1,1,1,1,1
S109,sheep,bull,1,1,1,1,1
S109,weasel,chimpanzee,1,1,1,1,1
S109,duck,penguin,1,1,0,1,1
S109,rat,sheep,0,0,1,1,0
S109,giraffe,lion,0,0,1,0,0
S109,monkey,chimpanzee,1,1,1,1,1
S109,mouse,whale,1,1,1,0,1
S109,lamb,moose,0,0,1,0,0
S109,shark,whale,1,1,1,1,1
S109,rat,bull,0,0,1,1,0
S109,pigeon,bat,1,1,1,1,1
S109,cheetah,tiger,1,1,1,1,1
S109,rat,raccoon,1,1,1,1,1
S109,ostrich,parakeet,1,1,1,1,1
S109,pigeon,cow,0,0,1,0,0
S109,pigeon,penguin,1,1,1,1,1
S109,cow,lion,0,0,1,0,0
S109,ostrich,cat,0,0,0,1,0
S109,koala,polarbear,1,1,1,1,1
S109,weasel,wolf,1,1,1,1,1
S109,deer,sheep,1,1,1,1,1
S109,moose,ox,1,1,1,1,1
S109,camel,ox,1,1,1,1,1
S109,snake,raccoon,1,1,1,1,1
S109,rat,kangaroo,1,1,1,1,1
S109,duck,giraffe,0,0,1,0,0
S109,parakeet,cat,1,1,1,1,1
S109,camel,giraffe,1,1,1,1,1
S109,hare,deer,0,0,1,0,0
S109,ostrich,cow,0,0,1,0,0
S109,rat,cow,1,1,1,1,1
S109,monkey,raccoon,0,0,0,1,0
S109,pigeon,whale,0,0,1,0,0
S109,chicken,ostrich,1,1,1,1,1
S109,monkey,gorilla,1,1,1,1,1
S109,pigeon,giraffe,1,1,0,1,1
S109,shark,hare,1,1,1,1,1
S109,dog,lion,1,1,1,1,1
S109,parakeet,cow,1,1,1,1,1
S109,bull,cow,1,1,1,1,1
S109,elephant,penguin,1,1,1,1,1
S109,duck,mouse,1,1,1,1,1
S109,bear,lion,1,1,1,1,1
S109,mouse,wolf,0,0,1,1,0
S109,hare,rabbit,0,0,0,1,0
S109,giraffe,wolf,1,1,1,1,1
S109,ostrich,polarbear,1,1,0,0,1
S109,pig,cow,1,1,1,1,1
S109,pig,chicken,1,1,0,1,1
S109,rabbit,ox,1,1,0,0,1
S109,rat,moose,1,1,0,0,1
S109,bear,cow,1,1,1,1,1
S109,parakeet,polarbear,1,1,1,1,1
S109,monkey,snake,0,0,1,1,0
S109,cow,dog,0,0,1,0,0
S109,ostrich,giraffe,0,0,1,0,0
S109,ostrich,whale,1,1,0,1,1
S109,elephant,giraffe,1,1,1,1,1
S109,dog,cat,1,1,1,1,1
S109,camel,lion,1,1,1,1,1
S109,panther,cheetah,1,1,1,1,1
S109,gorilla,raccoon,0,0,0,0,1
S109,parakeet,parrot,1,1,0,0,1
S109,parakeet,dog,0,0,1,0,0
S109,camel,moose,1,1,1,1,0
S109,shark,camel,1,1,1,1,1
S109,giraffe,penguin,0,0,1,0,0
S109,rat,dog,1,1,1,1,1
S109,sheep,moose,1,1,1,1,1
S109,lamb,cow,1,1,1,1,1
S109,weasel,penguin,0,0,1,0,0
S109,shark,moose,0,0,1,1,0
S109,hare,porcupine,1,1,1,1,1
S109,lamb,goat,1,1,1,1,1
S109,tiger,lion,1,1,1,1,1
S109,pigeon,parakeet,1,1,1,1,1
S109,panda,koala,1,1,1,1,1
S109,sheep,rabbit,1,1,1,1,1
S109,deer,pigeon,1,1,1,1,1
S109,duck,wolf,0,0,1,1,0
S109,pig,goat,1,1,1,1,1
S109,porcupine,rabbit,1,1,1,1,1
S109,rat,rabbit,1,1,0,1,0
S109,weasel,polarbear,1,1,0,1,1
S109,goose,duck,1,1,1,1,1
S109,goose,bear,1,1,1,1,1
S109,lion,wolf,1,1,1,1,1
S109,lamb,ox,1,1,1,1,1
S109,bear,tiger,1,1,1,1,1
S109,pigeon,parrot,1,1,1,1,1
S109,whale,penguin,1,1,1,1,1
S109,camel,bull,1,1,1,1,1
S110,ape,impala,0,0,1,0,0
S110,dungbeetle,horse,1,1,1,1,1
S110,civet,monkey,1,1,1,1,1
S110,mouse,tapir,1,1,1,1,1
S110,bunny,whale,1,1,1,1,1
S110,chicken,pig,1,1,1,1,1
S110,chameleon,chinchilla,1,1,1,1,1
S110,tuna,pelican,1,1,1,1,1
S110,leopard,basilisk,1,1,1,1,1
S110,llama,alpaca,1,1,1,1,1
S110,jaguar,leopard,1,1,1,1,1
S110,newt,polarbear,1,1,1,1,1
S110,lizard,mouse,1,1,1,1,1
S110,chipmunk,cheetah,1,1,1,1,1
S110,carp,shark,1,1,1,1,1
S110,chameleon,eagle,0,0,1,0,0
S110,polarbear,salamander,0,0,1,0,0
S110,shark,pelican,0,0,1,0,0
S110,fish,owl,1,1,1,1,1
S110,eagle,gorilla,1,1,1,1,1
S110,chicken,ape,1,1,1,1,1
S110,lion,tiger,1,1,1,1,1
S110,spider,rat,1,1,1,1,1
S110,deer,argali,1,1,1,1,1
S110,emu,ostrich,1,1,1,1,1
S110,chinchilla,ram,1,1,1,1,1
S110,dingo,leopard,1,1,1,1,1
S110,sheep,tapir,1,1,1,1,1
S110,shrew,mouse,1,1,1,1,1
S110,vulture,hawk,1,1,1,1,1
S110,sparrow,eagle,1,1,1,1,1
S110,lynx,ram,1,1,1,1,1
S110,muskok,okapi,1,1,1,1,1
S110,seal,cat,1,1,1,1,1
S110,seal,dog,0,0,1,0,0
S110,polarbear,capybara,1,1,1,1,1
S110,sparrow,hamster,0,0,1,0,0
S110,hippopotamus,hawk,1,1,1,1,1
S110,leopard,hyena,0,0,1,0,0
S110,badger,turtle,1,1,1,1,1
S110,dingo,hyena,1,1,1,1,1
S110,argali,leopard,1,1,1,1,1
S110,cow,buffalo,1,1,1,1,1
S110,giraffe,dog,1,1,1,1,1
S110,hippopotamus,rhinoceros,1,1,1,1,1
S110,sparrow,chameleon,1,1,1,1,1
S110,cat,mouse,1,1,1,1,1
S110,jaguar,mink,1,1,1,1,1
S110,swordfish,octopus,1,1,1,1,1
S110,parrot,marten,0,0,1,0,0
S110,hamster,guineapig,1,1,1,1,1
S110,goat,porpoise,1,1,1,1,1
S110,eagle,vulture,1,1,1,1,1
S110,chicken,gilamonster,1,1,1,1,1
S110,thornydevil,marten,1,1,1,1,1
S110,bear,dog,1,1,1,1,1
S110,dungbeetle,lizard,1,1,1,1,1
S110,goldfish,pelican,1,1,1,1,1
S110,goat,muskok,1,1,1,1,1
S110,fox,alligator,1,1,1,1,1
S110,impala,cheetah,1,1,1,1,1
S110,eagle,owl,1,1,1,1,1
S110,lion,elephant,1,1,1,1,1
S110,spider,elephant,1,1,1,1,1
S110,bear,hamster,1,1,1,1,1
S110,iguana,guineapig,1,1,1,1,1
S110,chameleon,iguana,1,1,1,1,1
S110,civet,basilisk,1,1,1,1,1
S110,donkey,buffalo,1,1,1,1,1
S110,newt,muskdeer,1,1,1,1,1
S110,swordfish,clownfish,0,0,1,0,0
S110,horse,lizard,0,0,1,0,0
S110,lynx,elephant,1,1,1,1,1
S110,muskdeer,okapi,1,1,1,1,1
S110,chicken,cow,1,1,1,1,1
S110,parrot,thornydevil,1,1,1,1,1
S110,cat,dog,1,1,1,1,1
S110,sparrow,vulture,0,0,1,0,0
S110,carp,rhinoceros,1,1,1,1,1
S110,gilamonster,impala,1,1,1,1,1
S110,hyena,buffalo,1,1,1,1,1
S110,monkey,cat,1,1,1,1,1
S110,marten,mouse,1,1,1,1,1
S110,rat,mouse,1,1,1,1,1
S110,bunny,salamander,1,1,1,1,1
S110,chameleon,mole,1,1,1,1,1
S110,bumblebee,lynx,0,0,1,0,0
S110,fish,mole,1,1,1,1,1
S110,bear,lion,0,0,1,0,0
S110,seal,ape,1,1,1,1,1
S110,ferret,frog,1,1,1,1,1
S110,llama,pig,1,1,1,1,1
S110,elk,parrot,1,1,1,1,1
S110,canary,chipmunk,1,1,1,1,1
S110,sheep,buffalo,1,1,1,1,1
S110,shrew,gorilla,1,1,1,1,1
S110,ermine,argali,0,0,1,0,0
S110,ermine,deer,1,1,1,1,1
S110,ostrich,alpaca,1,1,1,1,1
S110,leopard,buffalo,0,0,1,0,0
S110,cat,donkey,1,1,1,1,1
S110,gilamonster,ape,0,0,1,0,0
S110,goldfish,shark,1,1,1,1,1
S110,bumblebee,bunny,1,1,1,1,1
S110,elk,bunny,1,1,1,1,1
S110,turtle,porpoise,1,1,1,1,1
S110,canary,alligator,1,1,1,1,1
S110,capybara,salamander,1,1,1,1,1
S110,bear,tiger,1,1,1,1,1
S110,swordfish,tuna,1,1,1,1,1
S110,fox,stallion,1,1,1,1,1
S110,mink,clownfish,1,1,1,1,1
S110,badger,stallion,1,1,1,1,1
S110,octopus,clownfish,1,1,1,1,1
S110,porpoise,frog,1,1,1,1,1
S110,porpoise,horse,1,1,1,1,1
S110,bumblebee,elephant,1,1,1,1,1
S111,lion,elephant,1,1,1,1,1
S111,horse,rhinoceros,1,1,1,1,1
S111,cheetah,hyena,1,1,0,0,0
S111,horse,giraffe,1,1,0,1,1
S111,rhinoceros,kangaroo,0,0,1,0,1
S111,crocodile,kangaroo,1,1,0,0,0
S111,crocodile,rabbit,1,1,0,1,1
S111,cheetah,dog,1,1,1,1,1
S111,lion,wolf,0,0,1,0,0
S111,horse,kangaroo,0,0,0,1,0
S111,cheetah,rabbit,1,1,1,1,1
S111,elephant,tiger,1,0,0,0,0
S111,cow,bird,0,0,1,1,0
S111,camel,giraffe,1,1,1,1,1
S111,owl,buzzard,1,1,0,0,1
S111,lion,bear,0,0,1,0,0
S111,crocodile,wolf,1,1,0,0,1
S111,owl,cat,0,0,1,0,0
S111,cow,wolf,1,1,0,0,0
S111,owl,cow,1,1,1,1,1
S111,horse,cheetah,1,1,1,1,1
S111,hyena,wolf,1,1,1,1,1
S111,cheetah,bear,1,0,0,1,0
S111,crocodile,hyena,1,1,0,0,0
S111,deer,cat,1,1,1,1,1
S111,dog,cat,1,1,1,1,1
S111,lion,cheetah,0,0,1,0,0
S111,deer,buzzard,1,1,1,1,1
S111,camel,crocodile,1,1,0,1,1
S111,owl,kangaroo,1,1,1,1,1
S111,cat,bird,1,1,1,1,1
S111,bear,wolf,1,1,0,1,1
S111,cat,wolf,0,0,1,0,0
S111,giraffe,dog,1,0,0,0,0
S111,tiger,dog,0,0,1,1,0
S111,rhinoceros,giraffe,1,0,0,0,0
S111,bunny,cow,1,1,1,1,1
S111,cheetah,tiger,1,1,1,1,1
S111,bear,tiger,1,1,1,1,1
S111,lion,hyena,1,1,1,1,1
S111,bird,wolf,1,1,1,1,1
S111,camel,cheetah,0,0,1,0,0
S111,lion,tiger,1,1,1,1,1
S111,camel,rhinoceros,1,1,1,1,1
S111,crocodile,cheetah,0,0,1,1,0
S111,deer,hyena,1,1,0,0,0
S111,deer,bird,1,0,1,1,0
S111,owl,bird,1,1,1,1,1
S111,camel,horse,1,1,1,1,1
S112,mouse,rat,1,1,1,1,1
S112,shark,hamster,0,0,1,0,0
S112,fish,pig,1,1,0,1,1
S112,mouse,snake,1,1,1,1,1
S112,bird,cat,1,0,1,1,1
S112,squirrel,leopard,0,0,1,0,0
S112,coyotee,penguin,0,0,1,1,0
S112,zebra,hippopotamus,1,1,1,1,1
S112,gopher,mole,1,1,1,1,1
S112,scorpion,bee,1,1,1,1,1
S112,fish,octopus,1,1,0,1,1
S112,chicken,wolf,1,1,1,1,1
S112,grasshopper,crab,1,1,1,1,1
S112,tiger,giraffe,1,1,1,1,1
S112,starfish,whale,1,1,0,0,1
S112,sloth,koalabear,1,1,1,1,1
S112,shark,whale,1,1,1,1,1
S112,panther,leopard,1,1,1,1,1
S112,cricket,snake,1,1,0,1,1
S112,monkey,giraffe,1,1,1,1,1
S112,squirrel,bear,1,1,1,1,1
S112,lion,tiger,1,1,1,1,1
S112,lion,leopard,1,1,0,1,1
S112,zebra,leopard,1,1,1,1,1
S112,bee,hornet,1,1,1,1,1
S112,bird,dog,1,1,1,1,0
S112,bird,octopus,1,1,1,1,1
S112,crocodile,giraffe,1,1,1,1,1
S112,gopher,cricket,0,0,1,0,0
S112,spider,koalabear,1,1,1,1,1
S112,grasshopper,beetle,1,1,1,1,1
S112,fish,chicken,1,1,1,1,1
S112,gopher,crab,1,0,0,0,0
S112,sloth,hamster,1,1,1,1,1
S112,panther,cockroach,1,1,0,1,1
S112,bear,penguin,1,1,1,1,1
S112,snake,hamster,1,1,0,1,1
S112,scorpion,coyotee,1,1,0,0,1
S112,beetle,crab,1,1,0,0,1
S112,lobster,starfish,1,1,1,1,1
S112,leopard,hyena,1,1,1,1,1
S112,koalabear,hamster,1,1,1,1,1
S112,seal,penguin,1,1,1,1,1
S112,gopher,prairiedog,0,0,1,0,0
S112,pig,bull,1,0,1,1,0
S112,chicken,bull,1,1,1,1,1
S112,monkey,gorilla,1,1,1,1,1
S112,bull,cow,1,1,1,1,1
S112,gopher,beetle,1,1,1,1,1
S112,prairiedog,mole,1,1,1,1,1
S112,squid,squirrel,1,1,1,1,1
S112,crab,whale,1,1,1,1,1
S112,squid,octopus,1,1,1,1,1
S112,beetle,cricket,0,0,1,0,0
S112,tiger,octopus,1,1,1,0,1
S112,crab,squid,1,1,1,1,1
S112,woodpecker,racoon,1,1,1,1,1
S112,hippopotamus,alligator,1,1,1,1,1
S112,pig,hamster,0,0,1,0,0
S112,sloth,monkey,1,1,1,1,1
S112,pig,cow,1,1,1,1,1
S112,crab,cricket,0,0,0,1,0
S112,panda,cricket,1,1,1,1,1
S112,mouse,cockroach,1,1,1,1,1
S112,squirrel,racoon,1,1,1,1,1
S112,grasshopper,snake,0,0,1,0,0
S112,lion,zebra,0,0,0,1,0
S112,sloth,shark,0,0,1,0,0
S112,panther,bear,1,1,1,1,1
S112,pig,snake,1,1,1,1,1
S112,penguin,gorilla,1,1,1,1,1
S112,scorpion,spider,1,1,1,1,1
S112,squid,tiger,0,0,1,1,0
S112,cricket,tiger,1,1,1,1,1
S112,grasshopper,cricket,1,1,1,1,1
S112,dog,cat,1,1,1,1,1
S112,crocodile,alligator,1,1,1,1,1
S112,wasp,hornet,1,1,1,1,1
S112,bear,wolf,0,0,1,0,0
S112,scorpion,rat,1,1,1,1,1
S112,fox,wolf,1,1,1,1,1
S112,lobster,crab,1,1,1,1,1
S112,bird,squid,1,1,1,1,1
S112,rat,hamster,1,1,1,1,1
S112,panda,penguin,1,1,1,1,1
S112,leopard,racoon,1,1,1,1,1
S112,giraffe,hyena,1,1,1,1,1
S112,scorpion,hamster,0,0,1,0,0
S112,fish,zebra,0,0,1,0,0
S112,mouse,bear,0,0,1,1,0
S112,fish,bull,0,0,1,0,0
S112,woodpecker,hummingbird,1,1,1,1,1
S112,pig,koalabear,0,0,1,0,0
S112,shark,seal,1,1,1,1,1
S112,fox,bear,1,1,1,1,1
S112,prairiedog,snake,1,1,1,1,1
S112,cricket,octopus,0,0,1,0,0
S112,coyotee,bear,1,1,1,1,1
S112,shark,pig,1,1,1,1,1
S112,panther,mouse,0,0,1,0,0
S112,seal,coyotee,1,1,1,1,1
S112,hummingbird,cow,1,1,1,1,1
S112,monkey,penguin,0,0,1,1,0
S112,bear,rat,1,1,1,1,1
S112,grasshopper,octopus,0,0,1,0,0
S112,fish,cat,0,0,1,0,0
S112,alligator,giraffe,0,0,1,0,0
S112,coyotee,wolf,1,1,1,1,1
S112,crab,octopus,0,0,1,0,0
S112,lion,squid,1,1,1,1,1
S113,mouse,rat,1,1,1,1,1
S113,beaver,wolf,1,1,1,1,1
S113,dingo,platypus,1,1,1,1,1
S113,elephant,rat,1,1,1,1,1
S113,panda,walrus,1,0,1,1,1
S113,pig,cheetah,0,0,1,0,0
S113,kangaroo,dingo,1,1,1,1,1
S113,mink,ferret,1,1,1,1,1
S113,possum,koala,1,1,1,1,1
S113,otter,raccoon,0,0,1,0,0
S113,gerbil,kangaroo,1,0,1,1,1
S113,donkey,badger,1,1,1,1,1
S113,platypus,wallaby,1,0,1,1,1
S113,pig,otter,1,1,1,1,1
S113,possum,otter,1,1,1,1,1
S113,wolf,lynx,0,0,0,1,0
S113,antelope,cheetah,1,1,1,1,1
S113,rabbit,hamster,1,1,1,1,1
S113,deer,moose,1,1,1,1,1
S113,cheetah,tiger,1,1,1,1,1
S113,cheetah,lion,1,1,1,1,1
S113,panther,leopard,1,0,0,0,0
S113,panther,tiger,1,1,1,1,1
S113,kangaroo,koala,0,0,1,0,0
S113,gerbil,goat,1,1,1,1,1
S113,mink,beaver,0,0,0,1,0
S113,pony,rat,1,1,1,1,1
S113,mouse,elephant,0,0,1,0,0
S113,pig,sheep,1,1,1,1,1
S113,mink,weasel,1,1,0,1,1
S113,seal,bear,1,1,1,1,1
S113,leopard,tiger,1,1,1,1,1
S113,cheetah,lynx,1,1,1,1,1
S113,tiger,possum,0,0,1,1,0
S113,beaver,goat,0,0,1,0,0
S113,panda,panther,0,0,1,0,0
S113,mouse,possum,1,1,1,1,1
S113,bear,raccoon,1,1,1,1,1
S113,horse,dog,1,1,1,1,1
S113,mouse,guineapig,1,1,1,1,1
S113,panda,bear,1,1,1,1,1
S113,platypus,hamster,0,0,0,1,0
S113,horse,cow,1,1,1,1,1
S113,seal,walrus,1,1,1,1,1
S113,pony,ferret,0,0,0,1,0
S113,kangaroo,platypus,1,1,1,1,0
S113,panther,rhinoceros,1,1,1,1,1
S113,rat,wolf,1,1,1,1,1
S113,pony,caribou,0,0,1,0,0
S113,bear,lion,1,1,1,1,1
S113,gazelle,cheetah,0,0,1,0,0
S113,sheep,cow,1,0,1,1,1
S113,mink,ermine,1,1,1,1,1
S113,ermine,otter,1,1,1,1,1
S113,sheep,goat,1,1,1,1,1
S113,panda,possum,0,0,1,0,0
S113,weasel,zebra,1,1,1,1,1
S113,kangaroo,wallaby,1,1,1,1,1
S113,deer,raccoon,1,1,1,1,1
S113,pig,cow,1,0,1,0,0
S113,puma,caribou,1,1,1,1,1
S113,pony,badger,1,1,1,1,1
S113,gazelle,panda,1,1,1,1,1
S113,pig,goat,1,0,1,1,1
S113,puma,moose,0,0,1,0,0
S113,gerbil,guineapig,1,1,1,1,1
S113,cow,dog,1,1,1,1,1
S113,seal,panther,0,0,1,0,0
S113,moose,caribou,1,1,1,1,1
S113,tiger,koala,1,1,0,0,1
S113,dog,cat,1,1,1,1,1
S113,mink,wolf,0,0,0,1,0
S113,mouse,rabbit,1,1,1,1,1
S113,panther,cheetah,1,1,1,1,1
S113,gerbil,hamster,1,1,1,1,1
S113,donkey,goat,1,0,1,1,1
S113,donkey,camel,1,1,1,1,1
S113,mouse,hamster,0,0,1,0,0
S113,giraffe,lion,1,1,1,1,1
S113,badger,camel,0,0,1,0,0
S113,badger,ferret,0,0,0,1,0
S113,mink,lynx,1,1,1,1,1
S113,panther,bear,0,0,1,0,0
S113,panther,lion,1,1,1,1,1
S113,dingo,wallaby,1,1,1,1,1
S113,weasel,otter,1,0,1,1,0
S113,rat,hamster,0,0,1,0,0
S113,tiger,lion,0,0,1,1,0
S113,badger,caribou,0,0,1,0,0
S113,panda,otter,1,1,1,1,1
S113,rhinoceros,elephant,1,1,1,1,1
S113,antelope,elephant,1,1,1,1,1
S113,possum,raccoon,1,1,1,1,1
S113,panda,koala,1,1,1,1,1
S113,pig,wolf,0,0,1,0,0
S113,kangaroo,hamster,0,0,1,0,0
S113,ferret,cow,1,1,1,1,1
S113,leopard,possum,1,1,1,0,1
S113,pig,lion,1,1,1,1,1
S113,panther,walrus,1,1,1,1,1
S113,sheep,horse,1,1,1,1,1
S113,rhinoceros,leopard,1,1,1,1,1
S113,pig,horse,1,1,1,1,1
S113,camel,dingo,1,1,1,1,1
S113,sheep,platypus,1,1,1,1,1
S113,donkey,sheep,1,1,1,1,1
S113,ermine,weasel,1,1,1,1,1
S113,wallaby,koala,1,1,1,1,1
S113,antelope,gazelle,1,1,1,1,1
S113,gazelle,puma,1,1,1,1,1
S113,bear,tiger,1,1,1,1,1
S113,guineapig,hamster,1,0,1,1,1
S113,panda,hamster,1,1,0,1,1
S113,antelope,beaver,1,1,1,1,1
S113,platypus,koala,1,0,0,0,0
S113,giraffe,zebra,1,1,1,1,1
S114,panda,dingo,1,1,1,1,1
S114,mouse,rat,1,1,1,1,1
S114,rat,chimpanzee,0,0,0,1,0
S114,elephant,polarbear,0,0,1,1,0
S114,rhinoceros,dingo,1,1,1,1,1
S114,snake,orangutan,1,1,1,1,1
S114,deer,ferret,1,1,1,0,1
S114,camel,donkey,1,1,1,1,1
S114,polarbear,blackbear,1,1,1,1,1
S114,guineapig,gorilla,0,0,1,0,0
S114,turtle,robin,0,0,1,0,0
S114,armadillo,brownbear,1,1,1,1,1
S114,dingo,wolf,1,1,1,1,1
S114,guineapig,dingo,0,0,1,0,0
S114,bluebird,robin,1,1,1,1,1
S114,antelope,hyena,1,1,1,1,1
S114,duck,swan,1,1,1,1,1
S114,seal,rabbit,0,0,1,0,0
S114,alligator,penguin,1,1,1,1,1
S114,orangutan,chimpanzee,1,1,1,1,1
S114,gerbil,chimpanzee,1,1,1,1,1
S114,zebra,polarbear,1,1,1,1,1
S114,bird,bear,1,1,1,1,1
S114,armadillo,blackbear,0,0,1,1,0
S114,zebra,hamster,0,0,1,0,0
S114,fox,hawk,1,1,1,1,1
S114,eagle,hawk,1,1,1,1,1
S114,lion,tiger,1,1,1,1,1
S114,panda,leopard,1,1,0,1,1
S114,elephant,hamster,0,0,1,0,0
S114,cobra,flamingo,1,1,1,1,1
S114,horse,leopard,1,1,1,1,1
S114,turtle,bluebird,1,1,1,1,1
S114,zebra,giraffe,1,1,1,1,1
S114,pelican,rhinoceros,0,0,1,0,0
S114,panda,polarbear,1,1,1,1,1
S114,giraffe,tortoise,1,1,0,0,1
S114,cobra,ostrich,0,0,1,0,0
S114,yak,snake,1,1,1,1,1
S114,dog,rabbit,1,1,1,1,1
S114,rhinoceros,yak,0,0,1,0,0
S114,cobra,snake,1,1,1,1,1
S114,lion,bear,1,1,1,1,1
S114,deer,giraffe,1,1,1,1,1
S114,mouse,guineapig,1,1,1,1,1
S114,elephant,rat,0,0,1,0,0
S114,snake,hyena,1,1,1,1,1
S114,guineapig,cat,1,1,1,1,1
S114,spidermonkey,monkey,1,1,1,1,1
S114,monkey,gorilla,1,1,1,1,1
S114,zebra,robin,1,1,1,1,1
S114,fox,giraffe,0,0,1,1,0
S114,spidermonkey,snake,1,1,1,1,1
S114,zebra,gerbil,1,1,1,1,1
S114,guineapig,rat,1,1,1,1,1
S114,polarbear,penguin,1,1,0,0,1
S114,elephant,penguin,1,1,1,1,1
S114,rat,gorilla,1,1,1,1,1
S114,ostrich,bluebird,1,1,1,1,1
S114,turtle,tortoise,1,1,0,1,1
S114,flamingo,dingo,0,0,0,1,0
S114,anteater,owl,1,1,1,1,1
S114,fish,rabbit,1,1,1,1,1
S114,rhinoceros,flamingo,1,1,1,1,1
S114,ostrich,flamingo,1,1,1,1,1
S114,panda,lemur,1,1,1,1,1
S114,turtle,ferret,1,1,1,1,1
S114,anteater,blackbear,0,0,0,1,0
S114,seal,armadillo,1,1,1,1,1
S114,ostrich,robin,1,1,1,1,1
S114,crocodile,ferret,1,1,1,1,1
S114,seal,giraffe,0,0,0,1,0
S114,tortoise,lemur,1,1,1,1,1
S114,seal,polarbear,1,1,1,1,1
S114,cat,hamster,1,1,1,1,1
S114,bluebird,tortoise,0,0,1,1,0
S114,hyena,wolf,0,0,1,0,0
S114,anteater,eagle,1,1,1,1,1
S114,anteater,brownbear,0,0,1,0,0
S114,elephant,giraffe,1,1,0,1,1
S114,dog,cat,1,1,1,1,1
S114,turtle,deer,0,0,1,0,0
S114,gerbil,hamster,1,1,1,1,1
S114,horse,donkey,1,1,1,1,1
S114,polarbear,armadillo,0,0,0,1,0
S114,snake,flamingo,0,0,1,0,0
S114,gorilla,chimpanzee,1,1,1,1,1
S114,anteater,armadillo,1,1,1,1,1
S114,lion,leopard,0,0,1,0,0
S114,penguin,rat,1,1,1,1,1
S114,mouse,bird,1,1,1,1,1
S114,kangaroo,tiger,1,1,1,1,1
S114,yak,hyena,0,0,1,0,0
S114,cheetah,leopard,1,1,1,1,1
S114,antelope,yak,0,0,1,0,0
S114,rhinoceros,wolf,0,0,0,1,0
S114,pelican,swan,1,1,1,1,1
S114,fish,gerbil,0,0,1,0,0
S114,fox,armadillo,1,1,0,0,1
S114,bear,blackbear,1,1,1,1,1
S114,seal,elephant,0,0,1,0,0
S114,mouse,hamster,1,0,1,1,0
S114,pelican,flamingo,1,1,1,1,1
S114,elephant,tiger,1,1,1,1,1
S114,deer,fox,1,1,1,1,1
S114,lion,panda,0,0,1,0,0
S114,blackbear,brownbear,1,1,1,1,1
S114,panda,cheetah,1,1,1,1,1
S114,camel,yak,1,1,1,1,1
S114,guineapig,chimpanzee,0,0,1,0,0
S114,lion,cheetah,1,1,1,1,1
S114,owl,flamingo,1,1,1,1,1
S114,cobra,leopard,1,1,1,1,1
S114,giraffe,gerbil,0,0,1,0,0
S114,crocodile,alligator,1,1,1,1,1
S114,bear,tiger,1,0,1,1,0
S114,guineapig,hamster,1,1,1,1,1
S114,zebra,elephant,1,1,1,1,1
S114,deer,cheetah,1,1,1,1,1
S114,antelope,wolf,1,1,1,1,1
S114,deer,tortoise,0,0,0,1,0
S114,fish,hamster,1,1,1,1,1
S114,kangaroo,koalabear,1,1,1,1,1
S114,elephant,dingo,1,1,0,1,1
S114,tortoise,robin,0,0,1,0,0
S114,ferret,koalabear,1,1,1,1,1
S115,ocelot,wolf,1,1,1,1,1
S115,spider,cat,0,0,1,1,0
S115,rat,fox,0,0,1,0,0
S115,echidna,hedgehog,1,1,1,1,1
S115,koala,kangaroo,1,1,1,1,1
S115,panda,polarbear,1,1,0,0,1
S115,turtle,dog,1,1,1,1,1
S115,kangaroo,rabbit,1,1,1,1,1
S115,mongoose,bat,1,1,1,1,1
S115,moth,alligator,1,0,0,0,0
S115,dog,panda,1,1,1,1,1
S115,fox,kangaroo,1,1,1,0,1
S115,spider,polarbear,0,0,1,1,0
S115,crocodile,grizzlybear,1,1,1,1,1
S115,spider,dog,0,0,0,1,0
S115,cat,scorpion,1,1,1,1,1
S115,polarbear,grizzlybear,1,1,1,1,1
S115,ferret,raccoon,1,1,1,1,1
S115,fox,chameleon,1,1,1,1,1
S115,bat,bee,1,1,1,1,1
S115,turtle,rabbit,0,0,0,1,0
S115,mouse,koala,1,1,1,1,1
S115,panda,scorpion,1,1,0,0,1
S115,fish,raccoon,1,1,1,1,1
S115,shark,spider,1,1,0,0,1
S115,cat,panda,0,0,1,0,0
S115,cheetah,bear,1,1,1,1,1
S115,moth,bee,1,1,1,1,1
S115,alligator,chameleon,1,1,1,1,1
S115,mongoose,fox,1,1,1,1,1
S115,koala,echidna,1,1,1,1,1
S115,shark,whale,1,1,1,1,1
S115,rabbit,hedgehog,1,1,1,1,1
S115,cat,whale,1,1,1,1,1
S115,crocodile,bee,1,1,1,1,1
S115,beetle,grizzlybear,1,1,1,1,1
S115,mouse,ferret,1,1,1,1,1
S115,snake,wolf,1,1,1,1,1
S115,dog,raccoon,1,1,1,1,1
S115,crocodile,chameleon,1,1,1,1,1
S115,chameleon,hedgehog,1,1,1,1,1
S115,spider,grizzlybear,0,0,1,1,0
S115,dog,cat,1,1,1,1,1
S115,kangaroo,echidna,0,0,1,1,0
S115,cheetah,tiger,1,1,1,1,1
S115,fox,echidna,1,1,1,1,1
S115,shark,fish,1,1,1,1,1
S115,panda,bear,1,1,1,1,1
S115,rat,mouse,1,1,1,1,1
S115,fish,whale,1,1,1,1,1
S115,koala,hedgehog,0,0,1,0,0
S115,rat,whale,1,1,1,1,1
S115,spider,scorpion,1,1,1,1,1
S115,kangaroo,hedgehog,0,0,1,0,0
S115,fox,bat,1,1,1,1,1
S115,crocodile,alligator,1,1,1,1,1
S115,spider,beetle,1,1,0,1,1
S115,bear,tiger,0,0,1,0,0
S115,crocodile,polarbear,0,0,1,1,0
S115,bat,lion,1,1,1,1,1
S115,panda,whale,0,0,1,1,0
S115,panda,cheetah,0,0,1,1,0
S115,turtle,lizard,1,1,1,1,1
S115,lizard,wolf,0,0,1,0,0
S115,koala,polarbear,1,1,0,0,1
S115,chameleon,echidna,0,0,1,0,0
S115,alligator,bee,1,1,1,1,1
S115,scorpion,polarbear,0,0,1,1,0
S115,whale,raccoon,0,0,1,0,0
S115,mouse,raccoon,0,0,1,0,0
S115,snake,lizard,1,1,1,1,1
S115,tiger,lion,1,1,1,1,1
S115,mongoose,rat,1,1,1,1,1
S115,turtle,kangaroo,0,0,1,0,0
S116,elephant,polarbear,0,0,1,0,0
S116,rhinoceros,hippopotamus,1,1,1,1,1
S116,pig,kangaroo,0,0,0,1,0
S116,panther,monkey,1,1,0,0,1
S116,boar,hippopotamus,1,1,1,1,1
S116,pig,squirrel,0,0,1,0,0
S116,pig,bison,1,1,1,1,1
S116,cow,bison,1,1,0,1,1
S116,eagle,bird,1,1,1,1,1
S116,slowloris,cheetah,0,0,1,0,0
S116,rat,slowloris,0,0,1,0,0
S116,seal,rabbit,1,1,1,1,1
S116,boar,rhinoceros,0,0,1,0,0
S116,slowloris,meerkat,1,1,1,1,1
S116,meerkat,hedgehog,1,1,1,1,1
S116,mouse,whale,1,1,1,1,1
S116,gerbil,elephant,1,1,1,1,1
S116,cheetah,lion,1,1,1,1,1
S116,sheep,dog,0,0,1,0,0
S116,dolphin,whale,1,1,1,1,1
S116,sheep,horse,1,1,1,1,1
S116,giraffe,dog,1,1,1,1,1
S116,boar,kangaroo,0,0,1,1,0
S116,bird,hawk,1,1,1,1,1
S116,eagle,bat,1,1,1,1,1
S116,zebra,cheetah,1,1,1,1,1
S116,llama,horse,0,0,1,1,0
S116,deer,turkey,1,1,1,1,1
S116,kangaroo,hyena,1,1,1,1,1
S116,chicken,bird,1,1,1,1,1
S116,ape,monkey,1,1,1,1,1
S116,slowloris,lion,0,0,1,0,0
S116,panther,polarbear,1,1,1,1,1
S116,kangaroo,whale,1,1,1,1,1
S116,human,ape,1,1,1,1,0
S116,zebra,horse,1,1,1,1,1
S116,llama,bear,1,1,1,1,1
S116,horse,dog,1,1,1,1,1
S116,dolphin,polarbear,1,1,1,1,1
S116,chipmunk,squirrel,1,1,1,1,1
S116,rhinoceros,giraffe,1,1,1,1,1
S116,llama,kangaroo,1,1,0,0,1
S116,horse,cow,1,1,1,1,1
S116,human,boar,1,1,1,1,1
S116,monkey,lion,0,0,0,1,0
S116,walrus,hawk,1,1,1,1,1
S116,deer,panda,1,1,1,1,1
S116,bird,squirrel,1,1,1,1,1
S116,mouse,squirrel,0,0,1,1,0
S116,squirrel,hedgehog,1,1,1,1,1
S116,bear,dog,0,0,1,0,0
S116,human,chimpanzee,1,0,1,1,1
S116,alpaca,elephant,1,1,1,1,1
S116,human,lion,1,1,0,0,1
S116,tasmaniandevil,kangaroo,1,1,1,1,1
S116,zebra,cow,0,0,1,1,0
S116,boar,tasmaniandevil,1,1,1,1,1
S116,slowloris,chimpanzee,1,1,1,1,1
S116,seal,gerbil,0,0,1,1,0
S116,slowloris,elephant,1,1,1,1,1
S116,dolphin,mouse,0,0,1,1,0
S116,dolphin,bird,0,0,1,0,0
S116,pig,cow,1,1,1,1,1
S116,tasmaniandevil,hyena,1,1,1,1,1
S116,chipmunk,rat,1,1,1,1,1
S116,bird,whale,0,0,1,0,0
S116,pig,chicken,1,1,1,1,1
S116,slowloris,monkey,0,0,1,0,0
S116,panther,cat,1,1,1,1,1
S116,llama,alpaca,1,1,1,1,1
S116,chicken,turkey,1,1,1,1,1
S116,mouse,slowloris,1,1,1,1,1
S116,panda,monkey,1,1,1,1,1
S116,bear,cat,1,1,1,1,1
S116,panda,rhinoceros,1,1,0,0,1
S116,elephant,giraffe,1,1,1,1,1
S116,chimpanzee,monkey,1,1,1,1,1
S116,panda,giraffe,1,1,1,1,1
S116,dog,cat,1,1,1,1,1
S116,squirrel,bison,1,1,1,1,1
S116,rat,mouse,1,1,1,1,1
S116,hawk,meerkat,1,1,1,1,1
S116,alpaca,polarbear,1,1,1,1,1
S116,monkey,hyena,1,1,1,1,1
S116,polarbear,giraffe,1,1,0,1,1
S116,rat,squirrel,1,1,1,1,1
S116,dolphin,walrus,1,1,0,1,1
S116,panther,lion,1,1,1,1,1
S116,llama,pig,1,1,1,1,1
S116,panda,slowloris,1,1,1,1,1
S116,gerbil,rabbit,1,1,1,1,1
S116,dolphin,cheetah,0,0,0,1,0
S116,ape,chimpanzee,1,1,1,1,1
S116,panda,elephant,0,0,1,1,0
S116,horse,bat,1,1,1,1,1
S116,dolphin,lion,1,1,1,1,1
S116,llama,sheep,1,1,0,0,1
S116,elephant,cheetah,1,1,1,1,1
S116,pig,horse,1,1,1,1,1
S116,cow,groundhog,1,1,1,1,1
S116,human,whale,1,1,1,1,1
S116,deer,slowloris,0,0,1,0,0
S116,seal,cheetah,1,1,0,0,1
S116,eagle,hawk,1,1,1,1,1
S116,human,bird,1,1,0,1,1
S116,horse,cat,0,0,1,0,0
S116,turkey,bird,0,0,1,0,0
S117,ant,prayingmantis,1,1,1,1,1
S117,mouse,rat,1,1,1,1,1
S117,zebra,wolf,1,1,1,1,1
S117,sparrow,swallow,1,1,1,1,1
S117,bluejacket,sparrow,1,1,1,1,1
S117,tarantula,falcon,0,0,1,0,0
S117,ferret,polarbear,1,1,1,1,1
S117,ferret,weasel,1,1,1,1,1
S117,cougar,giraffe,0,0,1,0,0
S117,deer,elk,1,0,1,1,1
S117,deer,grizzlybear,1,1,1,1,1
S117,gazelle,moose,0,0,1,1,0
S117,anteater,mouse,0,0,1,0,0
S117,grizzlybear,polarbear,1,1,1,1,1
S117,shark,tuna,1,1,1,1,1
S117,anteater,trout,1,1,1,1,1
S117,dolphin,hyena,1,1,1,1,1
S117,bluejay,hamster,1,1,1,1,1
S117,dolphin,trout,1,1,1,1,1
S117,deer,gazelle,0,0,1,1,0
S117,spider,gecko,1,1,1,1,1
S117,cougar,cheetah,1,1,0,1,1
S117,gazelle,buffalo,1,1,1,1,1
S117,ferret,hamster,1,1,1,1,1
S117,python,cat,1,1,1,1,1
S117,shark,whale,1,1,1,1,1
S117,gazelle,armadillo,1,1,1,1,1
S117,deer,moose,1,1,1,1,1
S117,spider,beetle,1,1,1,1,1
S117,beetle,mouse,0,0,1,0,0
S117,gerbil,bluejay,0,0,1,1,0
S117,hyena,robin,0,0,1,1,0
S117,pig,cow,1,1,1,1,1
S117,anteater,salamander,1,1,1,1,0
S117,lion,tiger,1,1,1,1,1
S117,cougar,elephant,1,1,1,1,1
S117,whale,trout,0,0,1,0,0
S117,zebra,giraffe,1,1,1,1,1
S117,frog,penguin,1,1,1,1,1
S117,tiger,polarbear,0,0,1,0,0
S117,cougar,wolf,1,1,1,1,1
S117,gerbil,polarbear,0,0,1,0,0
S117,cod,salamander,1,1,1,1,1
S117,lion,cheetah,0,0,1,0,0
S117,brownbear,blackbear,1,1,1,1,1
S117,salmon,grouper,1,1,1,1,1
S117,anteater,ant,1,1,0,1,1
S117,whale,goldeneagle,1,1,1,1,1
S117,dog,wolf,1,1,1,1,1
S117,armadillo,hyena,1,1,1,1,1
S117,anteater,polarbear,1,1,1,1,1
S117,gecko,iguana,1,1,1,1,1
S117,horse,cow,1,1,1,1,1
S117,dove,gorilla,1,1,1,1,1
S117,monkey,gorilla,1,1,1,1,1
S117,ant,beetle,1,1,1,1,1
S117,lion,giraffe,1,1,1,1,1
S117,zebra,monkey,0,0,1,0,0
S117,dolphin,salamander,0,0,1,0,0
S117,zebra,gorilla,1,1,1,1,1
S117,lion,zebra,1,1,1,1,1
S117,pig,tuna,0,0,1,0,0
S117,iguana,eagle,1,1,1,1,1
S117,flamingo,lemur,1,1,1,1,1
S117,trout,tuna,1,1,1,1,1
S117,tiger,hawk,1,1,1,1,1
S117,cod,trout,1,1,1,1,1
S117,mockingbird,hawk,1,1,1,1,1
S117,lion,elephant,1,1,1,1,1
S117,gecko,penguin,0,0,1,0,0
S117,shark,cheetah,0,0,1,0,0
S117,cougar,bluejay,0,0,1,0,0
S117,gerbil,ferret,1,1,1,1,1
S117,ant,mouse,0,0,1,0,0
S117,trout,salmon,1,1,1,1,1
S117,dolphin,whale,1,1,1,1,1
S117,giraffe,cheetah,1,1,1,1,1
S117,monkey,blackwidow,1,1,1,1,1
S117,pig,hyena,1,1,1,1,1
S117,tarantula,blackwidow,1,1,1,1,1
S117,iguana,rat,1,1,1,1,1
S117,robin,weasel,1,1,1,1,1
S117,rat,swallow,1,1,1,1,1
S117,beetle,weasel,1,1,1,1,1
S117,cow,dog,1,1,1,1,1
S117,hyena,wolf,1,1,1,1,1
S117,blackbear,polarbear,1,1,1,1,1
S117,shark,grouper,1,1,1,1,1
S117,elephant,giraffe,1,1,1,1,1
S117,dog,cat,1,1,1,1,1
S117,lemur,hyena,0,0,1,0,0
S117,beetle,fly,1,1,1,1,1
S117,gerbil,hamster,1,1,1,1,1
S117,horse,donkey,1,1,1,1,1
S117,tiger,cheetah,1,1,1,1,1
S117,bear,tiger,1,1,1,1,1
S117,pig,salmon,1,1,1,1,1
S117,baldeagle,falcon,1,1,1,1,1
S117,elk,moose,1,1,1,1,0
S117,salmon,tuna,1,1,1,0,0
S117,mouse,weasel,1,1,1,1,1
S117,anteater,rat,0,0,1,0,0
S117,dove,swallow,1,1,1,1,1
S117,moose,grizzlybear,1,1,1,1,1
S117,dolphin,lemur,1,1,1,1,1
S117,zebra,elephant,1,1,1,1,1
S117,bluejacket,mockingbird,1,1,1,1,1
S117,spider,monkey,1,1,1,1,1
S117,falcon,swallow,0,0,1,0,0
S117,mouse,cat,1,1,1,1,1
S117,falcon,hawk,1,1,1,1,1
S117,elk,gazelle,1,1,1,1,1
S117,tiger,blackbear,1,1,1,1,1
S117,dolphin,cod,0,0,1,0,0
S117,anteater,falcon,1,1,0,1,1
S117,elephant,tiger,0,0,1,0,0
S117,eagle,falcon,1,1,1,1,1
S117,bluejay,swallow,1,1,0,1,1
S117,rat,cat,0,0,1,0,0
S117,zebra,penguin,1,1,1,1,1
S117,gecko,frog,1,1,1,1,1
S117,grizzlybear,brownbear,1,1,1,1,1
S117,whale,cheetah,1,1,1,1,1
S117,ocelot,prayingmantis,1,1,1,1,1
S117,anteater,tuna,0,0,1,0,0
S117,bear,polarbear,1,1,1,1,1
S117,pig,horse,1,1,1,1,1
S117,sparrow,mockingbird,0,0,1,0,0
S117,gerbil,rat,1,1,1,1,1
S117,dolphin,robin,1,1,1,1,1
S117,elephant,swallow,1,1,1,1,1
S117,mouse,dog,1,0,1,1,0
S117,bluejay,robin,1,1,1,1,1
S117,spider,fly,1,1,1,1,1
S117,horse,buffalo,1,1,1,1,1
S117,eagle,swallow,1,1,1,1,1
S117,grizzlybear,blackbear,0,0,1,1,0
S117,ocelot,cougar,1,1,1,1,1
S117,eagle,hawk,1,1,1,1,1
S117,baldeagle,goldeneagle,1,1,1,1,1
S117,tarantula,hawk,1,1,1,1,1
S117,cougar,swallow,0,0,1,0,0
S118,pig,gopher,1,1,1,1,1
S118,shark,rhinoceros,1,1,1,1,1
S118,cricket,grasshopper,1,1,1,1,1
S118,monkey,gopher,1,1,1,1,1
S118,ant,elephant,1,1,1,1,1
S118,gopher,cow,0,0,1,1,0
S118,butterfly,grizzlybear,1,1,1,1,1
S118,bluebird,robin,1,1,1,1,1
S118,spider,beetle,0,0,1,1,0
S118,bee,wasp,1,1,1,1,1
S118,pig,squirrel,1,1,0,0,1
S118,sparrow,crow,1,1,1,1,1
S118,donkey,cow,1,1,1,1,1
S118,lion,squirrel,1,1,1,1,1
S118,shark,dolphin,1,1,1,1,1
S118,lion,tiger,1,1,1,1,1
S118,frog,cricket,0,0,0,1,0
S118,fly,brownbear,0,0,1,0,0
S118,lion,penguin,0,0,1,0,0
S118,monkey,sugarglider,1,1,1,1,1
S118,elephant,squirrel,0,0,0,1,0
S118,sparrow,dolphin,1,1,1,1,1
S118,beetle,sugarglider,1,1,1,1,1
S118,crow,robin,0,0,1,0,0
S118,spider,bee,1,1,1,1,1
S118,turtle,dolphin,0,0,1,0,0
S118,horse,dog,1,1,1,1,1
S118,chipmunk,squirrel,1,1,1,1,1
S118,elephant,dog,1,1,1,1,1
S118,wasp,sugarglider,0,0,1,0,0
S118,polarbear,brownbear,1,1,1,1,1
S118,horse,cow,1,1,1,1,1
S118,gopher,donkey,1,1,1,1,1
S118,turtle,bee,0,0,0,1,0
S118,monkey,gorilla,1,1,1,1,1
S118,duck,horse,1,1,1,1,1
S118,shark,fish,1,1,1,1,1
S118,chipmunk,fish,0,0,1,0,0
S118,panther,rhinoceros,1,1,1,1,1
S118,ant,beetle,1,1,1,1,1
S118,polarbear,penguin,1,1,1,1,1
S118,shark,crocodile,1,1,1,1,1
S118,elephant,penguin,1,1,1,0,1
S118,moth,fly,1,1,1,1,1
S118,penguin,worm,1,1,1,1,1
S118,elephant,ostrich,1,1,1,1,1
S118,turtle,shark,1,1,1,1,1
S118,lion,elephant,1,1,1,1,1
S118,squirrel,penguin,0,0,1,0,0
S118,spider,gopher,1,1,1,1,1
S118,moth,brownbear,0,0,1,0,0
S118,cat,penguin,0,0,0,1,0
S118,pig,cow,1,1,1,1,1
S118,ostrich,robin,1,1,1,1,1
S118,moth,robin,1,1,1,1,1
S118,duck,chicken,1,1,1,1,1
S118,alligator,tiger,1,1,1,1,1
S118,fish,worm,1,1,1,1,1
S118,bee,sugarglider,0,0,0,1,0
S118,beetle,butterfly,1,1,1,1,1
S118,cow,dog,0,0,1,0,0
S118,spider,penguin,0,0,1,0,0
S118,chipmunk,worm,1,1,1,1,1
S118,cat,dog,1,1,1,1,1
S118,squirrel,gopher,1,1,1,1,1
S118,turtle,gorilla,1,1,1,1,1
S118,crow,bluebird,1,1,1,1,1
S118,beetle,fly,1,1,0,1,1
S118,beetle,worm,1,1,1,1,1
S118,turtle,frog,1,1,1,1,1
S118,elephant,cat,0,0,1,0,0
S118,cat,ostrich,1,0,1,1,1
S118,ant,wasp,1,1,1,1,0
S118,rhinoceros,elephant,1,1,1,1,1
S118,frog,fly,1,1,1,1,1
S118,butterfly,brownbear,0,0,1,0,0
S118,lion,polarbear,0,0,1,0,0
S118,elephant,tiger,0,0,1,0,0
S118,chipmunk,pig,1,1,1,1,1
S118,penguin,ostrich,1,1,1,1,1
S118,spider,ant,1,1,1,1,1
S118,spider,cow,0,0,1,0,0
S118,squirrel,ostrich,1,1,0,0,1
S118,grizzlybear,brownbear,1,1,1,1,1
S118,tiger,crow,1,1,1,1,1
S118,polarbear,tiger,1,1,1,1,1
S118,cricket,fly,1,1,1,1,1
S118,crocodile,alligator,1,1,1,1,1
S118,rhinoceros,tiger,1,1,1,1,1
S118,spider,worm,1,1,1,1,1
S118,monkey,dolphin,1,1,1,1,1
S118,panther,worm,1,1,1,1,1
S118,horse,cat,1,0,1,1,0
S118,ant,gopher,0,0,1,0,0
S119,rhinoceros,meerkat,1,1,1,1,1
S119,elephant,meerkat,0,0,1,0,0
S119,frog,snake,1,1,1,1,1
S119,frog,squirrel,1,1,1,1,1
S119,whale,fly,1,1,1,1,1
S119,pig,turkey,1,1,1,1,1
S119,rhinoceros,elephant,1,1,1,1,1
S119,crow,elephant,1,1,1,1,1
S119,hippopotamus,skunk,1,1,1,1,1
S119,pig,cow,1,1,1,1,1
S119,horse,cow,1,1,1,1,1
S119,duck,turkey,1,1,1,1,1
S119,duck,chicken,1,1,1,1,1
S119,crow,penguin,0,0,1,0,0
S119,fish,lion,0,0,1,0,0
S119,frog,jaguar,0,0,1,0,0
S119,shark,jaguar,1,1,1,1,1
S119,pig,chicken,1,1,1,1,1
S119,snake,meerkat,1,1,1,1,1
S119,goose,swan,1,1,1,1,1
S119,ant,emu,1,1,0,1,1
S119,elephant,tiger,1,1,1,1,1
S119,jaguar,parrot,1,1,1,1,1
S119,tiger,jaguar,1,1,1,1,1
S119,horse,penguin,1,0,0,0,1
S119,chicken,turkey,1,1,1,1,1
S119,shark,snake,1,1,1,1,1
S119,opossum,skunk,1,1,1,1,1
S119,raven,penguin,1,1,1,1,1
S119,mouse,snake,1,1,1,1,1
S119,emu,skunk,1,1,1,1,1
S119,elephant,lion,1,1,1,1,1
S119,monkey,gorilla,1,1,1,1,1
S119,pig,horse,0,0,1,0,0
S119,rhinoceros,spider,0,0,1,0,0
S119,dolphin,lion,1,1,1,1,1
S119,whale,lizard,1,1,1,1,1
S119,emu,gorilla,1,1,1,1,1
S119,rat,spider,1,1,1,1,1
S119,horse,parrot,1,1,1,1,1
S119,snake,whale,0,0,1,1,0
S119,monkey,tiger,1,1,1,1,1
S119,mouse,ant,0,0,1,0,0
S119,bear,giraffe,1,1,1,1,1
S119,hippopotamus,giraffe,1,1,0,1,1
S119,fish,spider,1,1,1,1,1
S119,opossum,spider,1,1,0,1,1
S119,hippopotamus,rhinoceros,1,1,1,1,1
S119,penguin,parrot,1,1,1,1,1
S119,opossum,squirrel,1,1,1,1,1
S119,rhinoceros,tiger,1,1,1,1,1
S119,rat,mouse,1,1,1,1,1
S119,pig,lizard,1,1,0,0,1
S119,parrot,cat,1,1,1,1,1
S119,hippopotamus,opossum,0,0,1,1,0
S119,donkey,skunk,0,0,1,0,0
S119,rhinoceros,lion,1,1,1,1,1
S119,shark,whale,1,1,1,1,1
S119,penguin,emu,1,1,1,1,1
S119,donkey,emu,1,1,1,1,1
S119,opossum,lizard,1,1,1,1,1
S119,donkey,cow,1,1,1,1,1
S119,opossum,bear,1,1,1,1,1
S119,swan,elephant,1,1,1,1,1
S119,turkey,bear,1,1,1,1,1
S119,dog,cat,1,1,1,1,1
S119,fish,parrot,1,0,1,0,0
S119,dolphin,whale,1,1,1,1,1
S119,ant,lizard,0,0,1,0,0
S119,emu,lizard,1,1,1,1,1
S119,fish,cat,1,1,1,1,1
S119,opossum,emu,0,0,1,1,0
S119,snake,jaguar,0,0,1,0,0
S119,fly,ant,1,1,1,1,1
S119,spider,lion,1,1,1,1,1
S119,mouse,lizard,0,0,1,0,0
S119,crow,raven,1,1,1,1,1
S119,horse,cat,0,0,1,0,0
S119,fish,shark,1,1,1,1,1
S119,snake,lizard,1,1,1,1,1
S119,tiger,lion,1,1,1,1,1
S119,goose,chicken,1,1,1,1,1
S120,gazelle,zebra,1,1,1,1,1
S120,zebra,tiger,1,1,1,1,1
S120,koala,kangaroo,1,1,1,1,1
S120,otter,eel,1,1,1,1,1
S120,panda,tiger,1,1,1,1,1
S120,duck,squirrel,0,0,1,1,0
S120,hamster,orca,0,0,0,1,0
S120,penguin,falcon,1,1,1,1,1
S120,duck,otter,0,0,1,0,0
S120,duck,swan,1,1,1,1,1
S120,gazelle,lion,1,1,0,1,1
S120,whale,blowfish,0,0,1,0,0
S120,goose,chicken,1,1,1,1,1
S120,penguin,blowfish,1,1,0,1,1
S120,kangaroo,bull,1,1,1,1,1
S120,chameleon,rabbit,1,1,1,1,1
S120,frog,toad,1,1,1,1,1
S120,rabbit,hamster,1,1,1,1,1
S120,iguana,mouse,1,1,1,1,1
S120,mouse,orca,0,0,1,0,0
S120,giraffe,cow,1,1,1,1,1
S120,shark,dolphin,1,1,1,1,1
S120,dolphin,whale,1,1,1,1,1
S120,panda,salmon,1,1,1,1,1
S120,goat,bull,1,1,1,1,1
S120,dolphin,hawk,1,1,1,1,1
S120,zebra,giraffe,1,1,1,1,1
S120,monkey,orca,0,0,1,0,0
S120,monkey,cow,1,1,1,1,1
S120,rat,gerbil,1,1,1,1,1
S120,stingray,whale,1,1,1,1,1
S120,donkey,horse,1,1,1,1,1
S120,dolphin,stingray,0,0,1,1,0
S120,seal,otter,1,1,1,1,1
S120,horse,panther,1,1,1,1,1
S120,ostrich,hawk,1,1,1,1,1
S120,alligator,tiger,1,1,1,1,1
S120,crocodile,mouse,1,1,1,1,1
S120,zebra,horse,0,0,1,0,0
S120,ostrich,penguin,1,1,0,0,0
S120,bear,parrot,1,1,1,1,1
S120,rat,chinchilla,0,0,1,0,0
S120,donkey,goose,1,1,1,1,1
S120,horse,cow,1,1,1,1,1
S120,squirrel,gerbil,1,1,1,1,1
S120,frog,salmon,1,1,1,1,1
S120,gazelle,tiger,0,0,1,0,0
S120,shark,stingray,1,1,1,1,1
S120,donkey,abex,1,1,0,0,0
S120,mouse,parrot,0,0,1,0,0
S120,gazelle,koala,1,1,1,1,1
S120,penguin,parrot,0,0,1,0,0
S120,ostrich,falcon,1,1,1,1,1
S120,rabbit,cat,1,1,1,1,1
S120,hawk,parrot,1,1,1,1,1
S120,sheep,cow,1,1,1,1,1
S120,dolphin,eagle,1,1,1,1,1
S120,rabbit,parrot,1,1,1,1,1
S120,sheep,goat,1,1,1,1,1
S120,gazelle,horse,1,1,1,1,1
S120,cat,hamster,1,1,1,1,1
S120,dolphin,bear,1,1,1,1,1
S120,eel,orca,0,0,1,0,0
S120,pig,cow,1,1,1,1,1
S120,duck,chicken,1,1,1,1,1
S120,iguana,snake,1,1,0,0,1
S120,crocodile,frog,0,0,1,0,0
S120,ostrich,frog,0,0,1,0,0
S120,alligator,frog,0,0,1,0,0
S120,iguana,parrot,1,1,1,1,1
S120,stingray,orca,1,1,0,1,1
S120,toad,clownfish,0,0,1,0,0
S120,goose,sheep,0,0,1,0,0
S120,bear,cat,1,1,1,1,1
S120,abex,goat,1,1,1,1,1
S120,eagle,orca,0,0,1,0,0
S120,crocodile,tadpole,1,1,1,1,1
S120,parrot,seagull,1,1,1,1,1
S120,monkey,eel,1,1,1,1,1
S120,pig,chinchilla,1,1,1,1,1
S120,salmon,falcon,1,1,0,1,1
S120,alligator,toad,1,1,1,1,1
S120,gerbil,hamster,1,1,1,1,1
S120,stingray,clownfish,1,1,1,1,1
S120,otter,orca,1,1,1,1,1
S120,dolphin,parrot,0,0,1,0,0
S120,donkey,goat,0,0,1,0,0
S120,frog,tadpole,1,1,1,1,1
S120,zebra,panda,1,1,1,1,1
S120,penguin,seagull,1,1,1,1,1
S120,peacock,koala,1,1,0,1,1
S120,seal,seagull,1,1,0,0,0
S120,rat,hamster,1,1,1,1,1
S120,tiger,lion,1,1,1,1,1
S120,chameleon,snake,1,1,1,1,1
S120,swan,squirrel,1,1,1,1,1
S120,mouse,hamster,0,0,1,0,0
S120,seal,penguin,1,1,1,1,1
S120,falcon,hawk,1,1,1,1,1
S120,horse,koala,0,0,1,0,0
S120,gerbil,rabbit,1,0,1,1,0
S120,rat,seagull,1,1,0,0,0
S120,mouse,snake,0,0,1,1,0
S120,pig,lion,1,1,1,1,1
S120,frog,clownfish,1,1,1,1,1
S120,otter,hamster,0,0,0,1,0
S120,chinchilla,ferret,1,1,0,0,1
S120,ostrich,salmon,0,0,1,0,0
S120,dog,cat,1,1,1,1,1
S120,falcon,parrot,1,1,1,1,1
S120,mouse,chinchilla,1,1,1,1,1
S120,donkey,sheep,1,1,1,1,1
S120,falcon,dog,1,1,1,1,1
S120,peacock,panther,1,1,1,1,1
S120,ferret,snake,1,1,1,1,1
S120,crocodile,alligator,1,1,1,1,1
S120,gerbil,otter,1,1,1,1,1
S120,chinchilla,snake,1,1,1,1,1
S120,snake,rabbit,0,0,1,0,0
S120,parrot,cat,0,0,1,0,0
S120,eagle,hawk,1,1,1,1,1
S120,whale,otter,1,1,1,1,1
S120,stingray,blowfish,1,1,1,1,1
S120,abex,bull,1,1,1,1,1
S120,penguin,otter,0,0,1,0,0
S120,rat,mouse,1,1,1,1,1
