S100,rat,vole,1,0,0,0,0,0
S100,otter,mole,1,1,1,0,0,0
S100,woodchuck,raptor,1,1,1,0,0,0
S100,guineapig,pig,1,0,0,0,0,0
S100,platypus,bat,1,0,0,0,0,0
S100,snail,slug,1,1,0,0,0,0
S100,bluejay,owl,1,0,0,0,0,0
S100,jellyfish,sheep,1,0,0,0,0,0
S100,fawn,fox,1,1,0,0,0,0
S100,platypus,otter,1,1,0,0,0,0
S100,bird,duck,1,1,0,0,0,0
S100,salmon,seal,1,1,0,0,0,0
S100,lemur,tapir,1,1,0,0,0,0
S100,woodpecker,robin,1,1,1,0,0,0
S100,piranha,octopus,1,0,0,0,0,0
S100,lion,puma,1,1,1,0,0,0
S100,beetle,hummingbird,1,1,0,0,0,0
S100,chihuahua,pitbull,1,1,1,0,0,0
S100,opossum,vulture,1,1,1,0,0,0
S100,mongoose,owl,1,1,0,0,0,0
S100,wolverine,beaver,1,1,1,1,0,0
S100,pelican,cuttlefish,1,1,0,0,0,0
S100,bobcat,polarbear,1,1,0,0,0,0
S100,panda,mosquito,1,0,0,0,0,0
S100,jaguar,lynx,1,1,1,0,0,0
S100,crocodile,puma,1,1,1,1,0,0
S100,magpie,sparrow,1,1,0,0,0,0
S100,tortoise,seal,1,0,0,0,0,0
S100,woodpecker,orangutan,1,1,1,0,0,0
S100,killerwhale,penguin,1,1,1,0,0,0
S100,cassowary,alligator,1,1,0,0,0,0
S100,snake,mountainlion,1,0,0,0,0,0
S100,aardvark,manatee,1,1,1,0,0,0
S100,human,ape,1,1,1,0,0,0
S100,rat,guineapig,1,0,0,0,0,0
S100,caterpillar,ant,1,1,1,0,0,0
S100,possum,turtle,1,0,0,0,0,0
S100,woodpecker,polarbear,1,1,0,0,0,0
S100,fly,moth,1,0,0,0,0,0
S100,clownfish,eel,1,1,1,0,0,0
S100,pelican,polarbear,1,1,0,0,0,0
S100,spidermonkey,lemur,1,1,1,0,0,0
S100,seal,walrus,1,0,0,0,0,0
S100,monkey,gorilla,1,1,1,1,1,1
S100,chihuahua,germanshepherd,1,1,1,0,0,0
S100,pigeon,tarantula,1,0,0,0,0,0
S100,ape,gorilla,1,1,1,1,1,0
S100,stingray,octopus,1,1,0,0,0,0
S100,eagle,vulture,1,1,1,1,0,0
S100,anaconda,manx,1,1,1,0,0,0
S100,stinkbug,carpetbeetle,1,1,1,0,0,0
S100,chameleon,newt,1,1,1,0,0,0
S100,snake,rattlesnake,1,0,0,0,0,0
S100,crow,buzzard,1,1,1,0,0,0
S100,bear,pika,1,1,1,0,0,0
S100,dinosaur,butterfly,1,1,1,0,0,0
S100,squid,gecko,1,1,0,0,0,0
S100,peacock,rooster,1,0,0,0,0,0
S100,goose,skunk,1,0,0,0,0,0
S100,carp,beaver,1,1,1,0,0,0
S100,rat,swallow,1,1,0,0,0,0
S100,tarantula,rattlesnake,1,1,1,0,0,0
S100,pony,horse,1,1,1,1,1,0
S100,wallaby,gecko,1,1,1,0,0,0
S100,crow,gazelle,1,0,0,0,0,0
S100,llama,tapir,1,0,0,0,0,0
S100,lemur,jaguar,1,0,0,0,0,0
S100,dingo,octopus,1,0,0,0,0,0
S100,nutria,capybara,1,1,1,0,0,0
S100,anaconda,viper,1,1,1,0,0,0
S100,tarantula,pig,1,0,0,0,0,0
S100,daddylonglegs,lizard,1,1,1,0,0,0
S100,monkey,hyena,1,0,0,0,0,0
S100,shark,axolotl,1,1,1,0,0,0
S100,ostrich,emu,1,1,1,1,1,1
S100,wildebeest,buffalo,1,1,0,0,0,0
S100,iguana,bluejay,1,1,0,0,0,0
S100,rooster,mosquito,1,0,0,0,0,0
S100,rooster,owl,1,1,1,1,0,0
S100,bobcat,wolf,1,1,1,0,0,0
S100,axolotl,penguin,1,1,1,0,0,0
S100,deer,buffalo,1,1,0,0,0,0
S100,polarbear,pufferfish,1,1,1,0,0,0
S100,crow,hawk,1,1,1,0,0,0
S100,macaw,chicken,1,1,1,0,0,0
S100,iguana,salamander,1,1,1,0,0,0
S100,redfox,fox,1,1,1,0,0,0
S100,nutria,wolf,1,1,0,0,0,0
S100,sandshark,stingray,1,1,1,0,0,0
S100,salmon,crab,1,1,0,0,0,0
S100,bonobo,gecko,1,1,1,0,0,0
S100,narwhal,bluewhale,1,1,0,0,0,0
S100,steer,pig,1,1,1,1,0,0
S100,beetle,mole,1,1,1,0,0,0
S100,seagull,bat,1,0,0,0,0,0
S100,honeybadger,parakeet,1,1,1,0,0,0
S100,cockatoo,groundhog,1,1,0,0,0,0
S100,blackbear,lion,1,1,0,0,0,0
S100,ostrich,frog,1,0,0,0,0,0
S100,walrus,penguin,1,0,0,0,0,0
S100,panther,vulture,1,1,1,0,0,0
S100,human,panther,1,1,1,0,0,0
S100,mantaray,clownfish,1,1,1,0,0,0
S100,ostrich,baldeagle,1,1,1,0,0,0
S100,macaw,toucan,1,1,1,0,0,0
S100,chameleon,alligator,1,0,0,0,0,0
S100,horse,swallow,1,0,0,0,0,0
S100,ferret,turkey,1,0,0,0,0,0
S100,cheetah,hornet,1,1,1,0,0,0
S100,possum,chipmunk,1,1,0,0,0,0
S100,carp,fish,1,1,1,0,0,0
S100,pigeon,swallow,1,1,0,0,0,0
S100,flea,carpetbeetle,1,1,1,0,0,0
S100,macaw,owl,1,1,0,0,0,0
S100,cockatoo,gull,1,1,1,0,0,0
S100,polarbear,manatee,1,1,1,0,0,0
S100,goat,mosquito,1,0,0,0,0,0
S100,cockatoo,macaw,1,1,1,0,0,0
S100,sheep,ram,1,1,1,1,0,0
S100,sugarglider,gopher,1,1,1,0,0,0
S100,seahorse,eel,1,0,0,0,0,0
S100,lemur,pufferfish,1,1,1,0,0,0
S100,bat,tick,1,1,1,0,0,0
S100,lamb,moose,1,0,0,0,0,0
S100,rhinoceros,swordfish,1,0,0,0,0,0
S100,narwhal,walrus,1,1,1,1,0,0
S100,canary,eagle,1,0,0,0,0,0
S100,spider,bug,1,1,1,0,0,0
S100,seacucumber,alligator,1,1,1,0,0,0
S100,tuna,cow,1,0,0,0,0,0
S100,tasmaniandevil,wolf,1,1,1,0,0,0
S100,tapir,porcupine,1,1,1,0,0,0
S100,possum,bat,1,1,0,0,0,0
S100,wolverine,rabbit,1,0,0,0,0,0
S100,raven,lark,1,1,1,0,0,0
S100,swordfish,pig,1,0,0,0,0,0
S100,grasshopper,toad,1,1,0,0,0,0
S100,seagull,moose,1,1,0,0,0,0
S100,brownbear,horse,1,1,1,1,0,0
S100,squirrel,rabbit,1,0,0,0,0,0
S100,stinkbug,ladybug,1,1,1,0,0,0
S100,monkey,capuchin,1,1,1,0,0,0
S100,horse,cow,1,1,1,1,1,1
S100,seagull,lynx,1,1,0,0,0,0
S100,turtle,raccoon,1,0,0,0,0,0
S100,echidna,earthworm,1,1,1,0,0,0
S100,stingray,alligator,1,0,0,0,0,0
S100,bonobo,ape,1,1,1,0,0,0
S100,hog,guineapig,1,0,0,0,0,0
S100,polarbear,walrus,1,0,0,0,0,0
S100,iguana,python,1,1,1,0,0,0
S100,jellyfish,manatee,1,1,0,0,0,0
S100,condor,rabbit,1,1,1,0,0,0
S100,rooster,elk,1,0,0,0,0,0
S100,fawn,rabbit,1,0,0,0,0,0
S100,clam,fish,1,1,1,0,0,0
S100,snake,robin,1,0,0,0,0,0
S100,carp,mussel,1,1,1,0,0,0
S100,fawn,mink,1,1,1,0,0,0
S100,crow,pigeon,1,1,1,1,1,0
S100,hippopotamus,sloth,1,0,0,0,0,0
S100,giraffe,ray,1,1,0,0,0,0
S100,goose,swan,1,1,1,1,1,0
S100,mountainlion,puma,1,1,0,0,0,0
S100,sealion,penguin,1,1,1,1,0,0
S100,blackbear,grizzlybear,1,1,1,0,0,0
S100,komododragon,goat,1,1,1,0,0,0
S100,cougar,lynx,1,1,0,0,0,0
S100,kinkajou,chimpanzee,1,1,1,0,0,0
S100,labradorretriever,goldenretriever,1,1,1,0,0,0
S100,snake,cricket,1,1,1,0,0,0
S100,dog,cat,1,1,1,1,1,1
S100,cat,jackal,1,0,0,0,0,0
S100,coyote,turkey,1,1,0,0,0,0
S100,sparrow,chinchilla,1,1,1,0,0,0
S100,piranha,wolf,1,0,0,0,0,0
S100,iguana,camel,1,0,0,0,0,0
S100,bull,bruin,1,1,1,0,0,0
S100,lizard,bug,1,1,1,0,0,0
S100,kitten,lizard,1,1,1,0,0,0
S100,ox,buffalo,1,1,1,0,0,0
S100,coyote,buffalo,1,1,0,0,0,0
S100,dragon,lizard,1,1,0,0,0,0
S100,jellyfish,clownfish,1,1,0,0,0,0
S100,lamb,chicken,1,1,0,0,0,0
S100,cheetah,dodo,1,1,0,0,0,0
S100,dolphin,cardinal,1,1,0,0,0,0
S100,crocodile,bluewhale,1,1,0,0,0,0
S100,canary,chipmunk,1,1,0,0,0,0
S100,honeybadger,badger,1,1,0,0,0,0
S100,bobcat,jaguar,1,1,0,0,0,0
S100,bear,alpaca,1,0,0,0,0,0
S100,ant,ladybug,1,1,1,0,0,0
S100,orangutan,gorilla,1,1,1,1,1,1
S100,dormouse,eel,1,1,1,0,0,0
S100,bee,donkey,1,0,0,0,0,0
S100,sparrow,owl,1,1,1,0,0,0
S100,moose,deer,1,1,1,1,1,1
S100,anteater,koala,1,0,0,0,0,0
S100,bengaltiger,bronco,1,1,1,0,0,0
S100,canary,parrot,1,1,1,0,0,0
S100,anaconda,adder,1,1,1,0,0,0
S100,cockroach,scorpion,1,1,1,0,0,0
S100,fly,crane,1,1,1,0,0,0
S100,reindeer,beaver,1,0,0,0,0,0
S100,bee,nightingale,1,1,1,0,0,0
S100,porcupine,beaver,1,1,1,1,0,0
S100,bird,owl,1,0,0,0,0,0
S100,hare,weasel,1,1,0,0,0,0
S100,fly,cockroach,1,1,1,0,0,0
S100,beluga,hammerheadshark,1,1,1,0,0,0
S100,raptor,robin,1,1,1,0,0,0
S100,komododragon,gecko,1,0,0,0,0,0
S100,orangutan,buffalo,1,0,0,0,0,0
S100,quahog,platypus,1,1,1,0,0,0
S100,beetle,human,1,1,1,0,0,0
S100,shark,bluewhale,1,0,0,0,0,0
S100,shark,mantaray,1,1,1,1,0,0
S100,beaver,mole,1,0,0,0,0,0
S100,giraffe,graywolf,1,1,1,0,0,0
S100,jellyfish,stingray,1,1,0,0,0,0
S100,hog,boar,1,1,1,0,0,0
S100,canary,dormouse,1,1,1,0,0,0
S100,cardinal,aardvark,1,0,0,0,0,0
S100,cheetah,lion,1,0,0,0,0,0
S100,nutria,deer,1,1,1,0,0,0
S100,dingo,jackal,1,1,1,1,0,0
S100,mountainlion,leopard,1,0,0,0,0,0
S100,ibex,gorilla,1,1,0,0,0,0
S100,elephant,chihuahua,1,1,0,0,0,0
S100,salmon,squid,1,0,0,0,0,0
S100,magpie,frog,1,1,0,0,0,0
S100,velociraptor,alligator,1,1,1,0,0,0
S100,monkey,slug,1,1,0,0,0,0
S100,pigeon,bee,1,0,0,0,0,0
S100,gnat,mosquito,1,1,1,0,0,0
S100,buzzard,deer,1,1,1,0,0,0
S100,eagle,blueheron,1,1,1,0,0,0
S100,bulldog,honeybadger,1,1,0,0,0,0
S100,labradorretriever,poodle,1,1,1,0,0,0
S100,goldfish,hamster,1,0,0,0,0,0
S100,tapir,marlin,1,1,1,0,0,0
S100,parrot,gnu,1,1,1,0,0,0
S100,coyote,bonobo,1,1,1,0,0,0
S100,salmon,trout,1,1,1,1,0,0
S100,gnu,rabbit,1,1,1,0,0,0
S100,fawn,antelope,1,1,0,0,0,0
S100,quahog,rabbit,1,1,1,0,0,0
S100,groundhog,duck,1,0,0,0,0,0
S100,capybara,camel,1,0,0,0,0,0
S100,tortoise,aardvark,1,0,0,0,0,0
S100,owl,finch,1,0,0,0,0,0
S100,spider,cockroach,1,0,0,0,0,0
S100,chicken,turkey,1,1,1,1,1,1
S100,grizzlybear,bat,1,0,0,0,0,0
S100,boar,fish,1,1,0,0,0,0
S100,woodpecker,duck,1,1,1,0,0,0
S100,lemur,marmot,1,1,1,0,0,0
S100,clownfish,lobster,1,0,0,0,0,0
S100,boar,pig,1,0,0,0,0,0
S100,pheasant,quail,1,1,1,0,0,0
S100,squid,shrimp,1,1,0,0,0,0
S100,cheetah,leopard,1,1,1,1,1,1
S100,goat,graywolf,1,1,1,0,0,0
S100,kinkajou,arcticfox,1,1,1,0,0,0
S100,dingo,wallaby,1,1,1,0,0,0
S100,rat,hamster,1,0,0,0,0,0
S100,lamb,goat,1,1,0,0,0,0
S100,groundhog,marmoset,1,1,0,0,0,0
S100,swallow,flamingo,1,0,0,0,0,0
S100,terrier,bulldog,1,1,1,0,0,0
S100,capybara,meerkat,1,1,1,0,0,0
S100,hippopotamus,tapir,1,0,0,0,0,0
S100,spider,carpetbeetle,1,1,1,0,0,0
S100,reindeer,moose,1,0,0,0,0,0
S100,platypus,beaver,1,0,0,0,0,0
S100,hawk,gazelle,1,0,0,0,0,0
S100,bessbug,assassinbug,1,1,1,0,0,0
S100,bison,boar,1,1,0,0,0,0
S100,kitten,duckling,1,1,1,0,0,0
S100,parrot,finch,1,0,0,0,0,0
S100,prairiedog,ferret,1,0,0,0,0,0
S100,horse,capuchin,1,1,1,0,0,0
S100,guineapig,hamster,1,1,1,1,1,1
S100,treefrog,spider,1,1,0,0,0,0
S100,octopus,cuttlefish,1,1,0,0,0,0
S100,chameleon,gecko,1,0,0,0,0,0
S100,goose,frog,1,0,0,0,0,0
S100,hummingbird,parakeet,1,0,0,0,0,0
S100,cockroach,toad,1,1,1,0,0,0
S100,komododragon,cassowary,1,1,1,0,0,0
S100,echidna,hedgehog,1,1,1,0,0,0
S100,groundhog,mongoose,1,1,1,0,0,0
S100,narwhal,honeybadger,1,1,0,0,0,0
S100,seahorse,lobster,1,1,0,0,0,0
S100,ewe,deer,1,1,1,0,0,0
S100,dove,worm,1,1,0,0,0,0
S100,ferret,weasel,1,0,0,0,0,0
S100,panda,tortoise,1,0,0,0,0,0
S100,komododragon,anaconda,1,1,1,0,0,0
S100,wildebeest,zebu,1,1,1,0,0,0
S100,cardinal,condor,1,1,1,0,0,0
S100,fly,bird,1,1,0,0,0,0
S100,grasshopper,antelope,1,0,0,0,0,0
S100,puma,lynx,1,1,1,0,0,0
S100,hippopotamus,beardeddragon,1,1,1,0,0,0
S100,skunk,squirrel,1,0,0,0,0,0
S100,humpbackwhale,hammerheadshark,1,1,1,0,0,0
S100,xerus,warthog,1,1,1,0,0,0
S100,wildebeest,yak,1,1,1,0,0,0
S100,shark,gazelle,1,0,0,0,0,0
S100,chipmunk,guineapig,1,0,0,0,0,0
S100,dog,barracuda,1,1,0,0,0,0
S100,shrew,mouse,1,1,0,0,0,0
S100,ibex,moose,1,1,1,0,0,0
S100,wolverine,badger,1,0,0,0,0,0
S100,human,gerbil,1,1,1,0,0,0
S100,seagull,stork,1,1,1,0,0,0
S100,chihuahua,gorilla,1,1,1,0,0,0
S100,llama,meerkat,1,0,0,0,0,0
S100,brownbear,blackbear,1,1,1,0,0,0
S100,coyote,prairiedog,1,1,0,0,0,0
S100,sloth,eel,1,1,1,0,0,0
S100,hog,pig,1,1,0,0,0,0
S100,boaconstrictor,alligator,1,1,1,0,0,0
S100,whale,fish,1,0,0,0,0,0
S100,carpetbeetle,ladybug,1,1,1,0,0,0
S100,donkey,stingray,1,1,1,0,0,0
S100,tiger,wildcat,1,1,0,0,0,0
S100,pony,alligator,1,0,0,0,0,0
S100,lizard,frog,1,1,0,0,0,0
S100,waterbear,koala,1,1,1,0,0,0
S100,cow,bull,1,1,1,1,1,1
S100,spider,bullfrog,1,1,1,0,0,0
S100,squirrel,mole,1,1,0,0,0,0
S100,ibis,alpaca,1,1,1,0,0,0
S100,boaconstrictor,canary,1,1,1,0,0,0
S100,jellyfish,starfish,1,1,1,1,0,0
S100,peacock,tarantula,1,1,0,0,0,0
S100,dingo,capybara,1,1,1,0,0,0
S100,fly,deer,1,0,0,0,0,0
S100,fly,cricket,1,0,0,0,0,0
S100,ostrich,toucan,1,1,0,0,0,0
S100,dingo,koala,1,1,0,0,0,0
S100,monkey,baldeagle,1,1,1,0,0,0
S100,donkey,cobra,1,1,0,0,0,0
S100,blackbear,polarbear,1,1,0,0,0,0
S100,chicken,cow,1,1,1,1,1,1
S100,cheetah,wolverine,1,0,0,0,0,0
S100,skunk,beaver,1,1,1,1,1,0
S100,llama,skunk,1,0,0,0,0,0
S100,bee,tarantula,1,1,1,0,0,0
S100,scottishshetland,maltese,1,1,1,0,0,0
S100,firefly,hammerheadshark,1,1,1,0,0,0
S100,sloth,buffalo,1,1,0,0,0,0
S100,mule,alpaca,1,1,0,0,0,0
S100,guineapig,ermine,1,1,0,0,0,0
S100,llama,elk,1,0,0,0,0,0
S100,crow,guineapig,1,0,0,0,0,0
S100,jaguar,tiger,1,1,0,0,0,0
S100,mouse,wombat,1,0,0,0,0,0
S100,bison,buffalo,1,1,1,1,0,0
S100,boar,deer,1,0,0,0,0,0
S100,hawk,oriole,1,1,1,0,0,0
S100,caterpillar,spider,1,1,1,0,0,0
S100,chameleon,snake,1,0,0,0,0,0
S100,chicken,duck,1,1,1,1,1,1
S100,hyena,meerkat,1,1,0,0,0,0
S100,ibis,lynx,1,1,1,0,0,0
S100,pigeon,robin,1,1,1,0,0,0
S100,cow,pig,1,1,1,1,1,1
S100,hog,bat,1,1,1,0,0,0
S100,dove,alpaca,1,1,1,0,0,0
S100,crocodile,firefly,1,1,0,0,0,0
S100,egret,ferret,1,1,1,0,0,0
S100,earthworm,spider,1,1,1,0,0,0
S100,eagle,opossum,1,1,0,0,0,0
S100,lemur,skunk,1,1,1,1,0,0
S100,cicada,worm,1,1,1,0,0,0
S100,skunk,warthog,1,1,1,0,0,0
S100,cow,cuttlefish,1,1,0,0,0,0
S100,mouse,chinchilla,1,1,0,0,0,0
S100,anteater,bobcat,1,1,0,0,0,0
S100,turtle,shrew,1,1,0,0,0,0
S100,rat,mole,1,0,0,0,0,0
S100,beetle,snail,1,1,1,0,0,0
S100,caterpillar,butterfly,1,1,0,0,0,0
S100,komododragon,flea,1,1,1,0,0,0
S100,dolphin,orca,1,1,1,1,0,0
S100,bull,ox,1,1,1,1,0,0
S100,chicken,rooster,1,1,1,1,1,1
S100,giraffe,hippopotamus,1,1,1,0,0,0
S100,grasshopper,wren,1,1,1,0,0,0
S100,tapir,toucan,1,1,1,0,0,0
S100,salamander,gnat,1,1,1,0,0,0
S100,dog,mongoose,1,0,0,0,0,0
S100,sloth,crab,1,1,0,0,0,0
S100,monkey,baboon,1,1,1,1,0,0
S100,ram,bull,1,1,1,0,0,0
S100,llama,aardvark,1,0,0,0,0,0
S100,parrot,ant,1,0,0,0,0,0
S100,fly,butterfly,1,1,0,0,0,0
S100,budgie,rattlesnake,1,1,1,0,0,0
S100,macaque,alligator,1,1,1,0,0,0
S100,snake,badger,1,0,0,0,0,0
S100,porcupine,mole,1,1,0,0,0,0
S100,clownfish,rattlesnake,1,0,0,0,0,0
S100,chicken,ladybug,1,1,1,0,0,0
S100,ox,gorilla,1,0,0,0,0,0
S100,bluebird,mockingbird,1,1,1,0,0,0
S100,platypus,squid,1,1,1,1,1,0
S100,marmoset,chimpanzee,1,1,1,1,0,0
S100,lemur,orangutan,1,0,0,0,0,0
S100,antelope,cougar,1,0,0,0,0,0
S100,fawn,elk,1,1,1,0,0,0
S100,vulture,deer,1,0,0,0,0,0
S100,wolverine,lynx,1,0,0,0,0,0
S100,turtle,eel,1,0,0,0,0,0
S100,cougar,puma,1,1,1,1,0,0
S100,bear,cod,1,1,1,0,0,0
S100,woodchuck,mule,1,1,0,0,0,0
S100,oxen,buffalo,1,1,1,0,0,0
S100,seagull,crab,1,0,0,0,0,0
S100,crow,raven,1,1,1,1,0,0
S100,turkey,duck,1,1,1,1,1,0
S100,raccoon,armadillo,1,0,0,0,0,0
S100,ibis,octopus,1,1,0,0,0,0
S100,peccary,pig,1,1,1,0,0,0
S100,horse,ram,1,0,0,0,0,0
S100,cheetah,hyena,1,0,0,0,0,0
S100,canary,spider,1,1,0,0,0,0
S100,spidermonkey,wolf,1,1,1,0,0,0
S100,seagull,sparrow,1,0,0,0,0,0
S100,monkey,ape,1,1,1,1,1,1
S100,python,horse,1,1,0,0,0,0
S100,eel,slug,1,1,1,1,0,0
S100,warthog,leopard,1,1,1,0,0,0
S100,ram,owl,1,1,0,0,0,0
S100,salamander,bee,1,1,0,0,0,0
S100,eagle,sparrow,1,1,0,0,0,0
S100,elephant,giraffe,1,1,1,1,0,0
S100,rat,gopher,1,1,1,1,0,0
S100,turtle,armadillo,1,0,0,0,0,0
S100,hawk,bluejay,1,0,0,0,0,0
S100,ocelot,panther,1,1,1,0,0,0
S100,rat,mouse,1,1,1,1,1,1
S100,horse,donkey,1,0,0,0,0,0
S100,zebra,puma,1,0,0,0,0,0
S100,weasel,ermine,1,1,1,1,0,0
S100,dingo,monkey,1,0,0,0,0,0
S100,giraffe,penguin,1,0,0,0,0,0
S100,emu,aardvark,1,1,0,0,0,0
S100,eel,octopus,1,1,0,0,0,0
S100,newt,frog,1,1,1,0,0,0
S100,iguana,opossum,1,1,1,0,0,0
S100,spider,hornet,1,1,1,0,0,0
S100,seagull,goose,1,0,0,0,0,0
S100,pigeon,finch,1,1,0,0,0,0
S100,beaver,walrus,1,0,0,0,0,0
S100,warthog,meerkat,1,1,1,0,0,0
S100,aardvark,weevil,1,1,1,0,0,0
S100,bass,goby,1,1,1,0,0,0
S100,swan,frog,1,0,0,0,0,0
S100,canary,toucan,1,1,0,0,0,0
S100,lemur,moose,1,0,0,0,0,0
S100,piranha,barracuda,1,1,1,0,0,0
S100,spider,ant,1,1,1,1,1,0
S100,crow,ox,1,0,0,0,0,0
S100,komododragon,panda,1,0,0,0,0,0
S100,shark,bass,1,1,0,0,0,0
S100,bluejay,condor,1,1,0,0,0,0
S100,hawk,pufferfish,1,1,1,0,0,0
S100,crocodile,alligator,1,1,1,1,1,0
S100,hyena,jackal,1,1,1,1,0,0
S100,rhinoceros,reindeer,1,0,0,0,0,0
S100,skunk,rabbit,1,0,0,0,0,0
S100,giraffe,zebra,1,1,0,0,0,0
S100,lamb,sheep,1,1,1,1,0,0
S100,dove,goose,1,0,0,0,0,0
S100,porcupine,raccoon,1,0,0,0,0,0
S100,shark,clownfish,1,0,0,0,0,0
S100,cardinal,oriole,1,1,1,0,0,0
S100,kitten,dog,1,1,0,0,0,0
S100,bee,ant,1,1,0,0,0,0
S100,zebra,ox,1,0,0,0,0,0
S100,orca,whale,1,0,0,0,0,0
S100,llama,alpaca,1,1,1,1,0,0
S100,chipmunk,skunk,1,0,0,0,0,0
S100,parrot,parakeet,1,1,1,1,1,0
S100,lobster,shrimp,1,1,1,1,1,0
S100,eagle,hummingbird,1,0,0,0,0,0
S100,anaconda,wolverine,1,1,1,0,0,0
S100,mule,bandicoot,1,1,1,0,0,0
S100,lion,tiger,1,1,1,1,1,1
S100,wren,finch,1,1,1,0,0,0
S100,peacock,swan,1,1,0,0,0,0
S100,anteater,lamb,1,0,0,0,0,0
S100,squirrel,meerkat,1,0,0,0,0,0
S100,python,cobra,1,1,1,1,0,0
S100,isopod,cricket,1,1,1,0,0,0
S100,shark,dolphin,1,1,1,1,1,1
S100,beaver,raccoon,1,1,1,1,1,0
S100,narwhal,seal,1,0,0,0,0,0
S100,jellyfish,platypus,1,0,0,0,0,0
S100,dingo,dodo,1,1,1,0,0,0
S100,daddylonglegs,mosquito,1,1,1,0,0,0
S100,woodpecker,hamster,1,1,0,0,0,0
S100,bee,mosquito,1,1,0,0,0,0
S100,zebra,horse,1,1,0,0,0,0
S100,raccoon,serval,1,1,1,0,0,0
S100,possum,skunk,1,0,0,0,0,0
S100,cattle,raccoon,1,1,1,0,0,0
S100,turtle,human,1,1,1,0,0,0
S100,dingo,kangaroo,1,1,1,1,0,0
S100,goose,robin,1,0,0,0,0,0
S100,rat,nutria,1,1,0,0,0,0
S100,horse,mule,1,0,0,0,0,0
S100,kitten,puppy,1,1,1,0,0,0
S100,goat,alpaca,1,1,0,0,0,0
S100,reindeer,finch,1,1,1,0,0,0
S100,zebra,quail,1,0,0,0,0,0
S100,python,sloth,1,1,1,0,0,0
S100,boaconstrictor,snake,1,1,0,0,0,0
S100,seagull,gecko,1,1,0,0,0,0
S100,hog,monkey,1,0,0,0,0,0
S100,millipede,centipede,1,1,1,1,0,0
S100,waterbear,lizard,1,1,1,0,0,0
S100,eagle,owl,1,1,1,1,1,0
S100,flamingo,stingray,1,1,1,0,0,0
S100,dinosaur,deer,1,1,1,1,0,0
S100,bat,aardvark,1,0,0,0,0,0
S100,goldfish,shark,1,0,0,0,0,0
S100,pheasant,flamingo,1,1,0,0,0,0
S100,dragon,octopus,1,1,0,0,0,0
S100,llama,cougar,1,0,0,0,0,0
S100,turtle,beaver,1,1,0,0,0,0
S100,crow,toad,1,0,0,0,0,0
S100,guineapig,vole,1,0,0,0,0,0
S100,fawn,tiger,1,0,0,0,0,0
S100,bull,deer,1,0,0,0,0,0
S100,mink,skunk,1,1,0,0,0,0
S100,jaguar,lion,1,0,0,0,0,0
S100,wren,rabbit,1,1,1,0,0,0
S100,oyster,dog,1,1,1,0,0,0
S100,crow,condor,1,1,1,1,0,0
S100,rhinoceros,elephant,1,1,1,0,0,0
S100,turtle,vulture,1,1,1,0,0,0
S100,sparrow,finch,1,1,1,1,0,0
S100,guineapig,chinchilla,1,1,0,0,0,0
S100,panda,toucan,1,0,0,0,0,0
S100,heron,mountainlion,1,1,1,0,0,0
S100,eagle,toucan,1,1,1,0,0,0
S100,greatwhiteshark,chinchilla,1,1,1,0,0,0
S100,weasel,fish,1,1,1,0,0,0
S100,tortoise,toad,1,1,1,0,0,0
S100,pony,bird,1,1,1,1,0,0
S100,bear,polarbear,1,0,0,0,0,0
S100,persian,bunny,1,1,1,0,0,0
S100,lizard,camel,1,1,0,0,0,0
S100,macaw,parakeet,1,1,1,0,0,0
S100,bear,tiger,1,1,1,0,0,0
S100,marlin,lobster,1,1,1,0,0,0
S100,ram,hen,1,1,1,0,0,0
S100,rooster,mole,1,0,0,0,0,0
S100,hedgehog,guineapig,1,1,1,0,0,0
S100,blowfish,barracuda,1,1,1,0,0,0
S100,zebra,yak,1,1,1,1,0,0
S100,hog,eel,1,1,1,0,0,0
S100,cougar,moose,1,0,0,0,0,0
S100,fawn,bat,1,1,0,0,0,0
S100,dinosaur,horse,1,1,0,0,0,0
S100,badger,beaver,1,0,0,0,0,0
S100,swallow,owl,1,1,1,0,0,0
S100,boaconstrictor,dragonfly,1,1,1,0,0,0
S100,condor,polarbear,1,1,0,0,0,0
S100,starfish,whale,1,1,1,1,0,0
S100,chameleon,donkey,1,1,0,0,0,0
S100,python,rattlesnake,1,1,1,0,0,0
S100,kangaroo,weevil,1,1,1,0,0,0
S100,hyena,baboon,1,1,1,0,0,0
S100,beetle,vole,1,1,1,0,0,0
S100,giraffe,redpanda,1,1,0,0,0,0
S100,prairiedog,hyena,1,1,1,0,0,0
S100,peacock,frog,1,1,1,1,0,0
S100,seal,manatee,1,1,1,1,0,0
S100,bluewhale,killerwhale,1,1,1,0,0,0
S100,dolphin,stingray,1,0,0,0,0,0
S100,dove,parrot,1,0,0,0,0,0
S100,narwhal,whale,1,1,1,1,0,0
S100,hyena,mongoose,1,1,0,0,0,0
S100,goldfish,salamander,1,1,1,0,0,0
S100,pheasant,duck,1,1,0,0,0,0
S100,sunbear,deer,1,1,1,0,0,0
S100,opossum,mole,1,1,1,0,0,0
S100,sealion,polarbear,1,0,0,0,0,0
S100,shark,killerwhale,1,1,0,0,0,0
S100,humpbackwhale,killerwhale,1,1,1,0,0,0
S100,tuna,donkey,1,0,0,0,0,0
S100,anchovy,shrimp,1,1,1,0,0,0
S100,ferret,redfox,1,1,1,0,0,0
S100,ermine,fox,1,1,1,1,0,0
S100,antelope,armadillo,1,1,1,0,0,0
S100,kangaroo,wallaby,1,1,1,1,0,0
S100,honeybadger,bull,1,1,0,0,0,0
S100,dolphin,whale,1,1,1,1,1,1
S100,pigeon,macaw,1,0,0,0,0,0
S100,porcupine,kangaroo,1,1,0,0,0,0
S100,bison,oxen,1,1,1,0,0,0
S100,caterpillar,ladybug,1,1,1,0,0,0
S100,horse,steer,1,1,1,1,0,0
S100,bull,mongoose,1,1,0,0,0,0
S100,swordfish,orca,1,1,1,0,0,0
S100,beaver,armadillo,1,0,0,0,0,0
S100,dove,pigeon,1,1,1,1,0,0
S100,gopher,chinchilla,1,1,1,0,0,0
S100,sabertoothedtiger,cheetah,1,1,1,0,0,0
S100,pony,stallion,1,1,1,0,0,0
S100,eel,shrimp,1,1,1,0,0,0
S100,fox,wolf,1,1,1,1,0,0
S100,lobster,crab,1,1,1,1,1,0
S100,cheetah,alpaca,1,0,0,0,0,0
S100,opossum,whale,1,1,1,0,0,0
S100,elephant,canary,1,0,0,0,0,0
S100,hyena,deer,1,0,0,0,0,0
S100,waterbear,sloth,1,1,1,0,0,0
S100,bluebird,sparrow,1,1,1,0,0,0
S100,cassowary,ibex,1,1,1,0,0,0
S100,bronco,cow,1,1,1,0,0,0
S100,rattlesnake,alligator,1,0,0,0,0,0
S100,snake,snail,1,0,0,0,0,0
S100,emu,ewe,1,1,1,0,0,0
S100,leopard,lynx,1,1,0,0,0,0
S100,ermine,mongoose,1,1,1,0,0,0
S100,lemur,monkey,1,1,1,0,0,0
S100,gnat,firefly,1,1,1,0,0,0
S100,tasmaniandevil,ostrich,1,1,1,0,0,0
S100,leopard,serval,1,1,1,0,0,0
S100,komododragon,monitor,1,1,1,0,0,0
S100,tuna,whale,1,1,0,0,0,0
S100,peacock,parrot,1,0,0,0,0,0
S100,spermwhale,narwhal,1,1,1,0,0,0
S100,cardinal,moose,1,0,0,0,0,0
S100,sheep,boar,1,0,0,0,0,0
S100,monkey,wildcat,1,1,0,0,0,0
S100,snail,ladybug,1,1,1,0,0,0
S100,ibis,antelope,1,1,1,0,0,0
S100,octopus,crab,1,1,0,0,0,0
S100,snail,flamingo,1,1,0,0,0,0
S100,sheep,hyena,1,0,0,0,0,0
S100,scorpion,mule,1,1,1,0,0,0
S100,guineapig,ferret,1,0,0,0,0,0
S100,chicken,pig,1,1,1,1,1,1
S100,prairiedog,meerkat,1,1,0,0,0,0
S100,chameleon,turtle,1,0,0,0,0,0
S100,fox,rattlesnake,1,0,0,0,0,0
S100,goat,chicken,1,1,1,0,0,0
S100,nakedmolerat,capybara,1,1,1,0,0,0
S100,skunk,meerkat,1,1,0,0,0,0
S100,grizzlybear,polarbear,1,1,1,1,1,0
S100,robin,swan,1,1,0,0,0,0
S100,muskrat,fisher,1,1,1,0,0,0
S100,chicken,falcon,1,0,0,0,0,0
S100,shark,tuna,1,0,0,0,0,0
S100,cockroach,rat,1,0,0,0,0,0
S100,bronco,stallion,1,1,1,0,0,0
S100,snake,ferret,1,0,0,0,0,0
S100,goldfish,whale,1,0,0,0,0,0
S100,coyote,camel,1,0,0,0,0,0
S100,budgie,parakeet,1,1,1,0,0,0
S100,spider,tick,1,1,1,0,0,0
S100,rhinoceros,giraffe,1,1,0,0,0,0
S100,orca,seal,1,0,0,0,0,0
S100,hare,badger,1,1,0,0,0,0
S100,bee,worm,1,0,0,0,0,0
S100,seal,penguin,1,1,1,1,1,0
S100,possum,mole,1,1,1,0,0,0
S100,steer,bull,1,1,1,0,0,0
S100,stinkbug,assassinbug,1,1,1,0,0,0
S100,tarantula,octopus,1,0,0,0,0,0
S100,macaque,marmoset,1,1,1,0,0,0
S100,reindeer,rabbit,1,0,0,0,0,0
S100,crocodile,snail,1,1,1,0,0,0
S100,squirrel,wombat,1,0,0,0,0,0
S100,squid,octopus,1,1,1,1,1,0
S100,meerkat,buffalo,1,0,0,0,0,0
S100,hamster,gerbil,1,1,1,1,1,1
S100,bat,orangutan,1,0,0,0,0,0
S100,coyote,lynx,1,0,0,0,0,0
S100,jackrabbit,hippopotamus,1,1,1,0,0,0
S100,orangutan,marmoset,1,1,1,0,0,0
S100,panda,fox,1,0,0,0,0,0
S100,bonobo,howlermonkey,1,1,1,0,0,0
S100,echidna,porcupine,1,1,1,0,0,0
S100,sloth,hummingbird,1,0,0,0,0,0
S100,lion,mongoose,1,0,0,0,0,0
S100,hare,moth,1,1,1,0,0,0
S100,minnow,jaguar,1,1,1,0,0,0
S100,elephant,caribou,1,1,1,0,0,0
S100,hawk,falcon,1,1,0,0,0,0
S100,snake,fish,1,1,1,1,1,1
S100,monkey,flamingo,1,0,0,0,0,0
S100,bluejay,finch,1,0,0,0,0,0
S100,peacock,bat,1,0,0,0,0,0
S100,goose,aardvark,1,0,0,0,0,0
S100,bat,wombat,1,0,0,0,0,0
S100,bluebird,falcon,1,1,1,0,0,0
S100,butterfly,ladybug,1,1,1,0,0,0
S100,platypus,octopus,1,1,0,0,0,0
S100,parrot,robin,1,1,0,0,0,0
S100,narwhal,manatee,1,1,1,0,0,0
S100,muskrat,ray,1,1,1,0,0,0
S100,possum,porcupine,1,1,1,1,0,0
S100,raptor,owl,1,1,1,0,0,0
S100,komododragon,iguana,1,0,0,0,0,0
S100,opossum,raccoon,1,1,1,0,0,0
S100,macaw,zebu,1,1,1,0,0,0
S100,chameleon,ox,1,1,1,0,0,0
S100,cat,human,1,1,0,0,0,0
S100,cheetah,jaguar,1,1,1,1,0,0
S100,ape,chimpanzee,1,1,1,1,1,0
S100,adder,cobra,1,1,1,0,0,0
S100,goldfish,salmon,1,1,1,0,0,0
S100,shrew,rabbit,1,0,0,0,0,0
S100,tarantula,gorilla,1,0,0,0,0,0
S100,cardinal,owl,1,1,1,0,0,0
S100,ibis,wallaby,1,1,1,0,0,0
S100,zebra,gazelle,1,1,0,0,0,0
S100,antelope,buffalo,1,1,1,0,0,0
S100,koala,panda,1,1,1,1,1,1
S100,sparrow,bat,1,1,0,0,0,0
S100,bull,oxen,1,1,1,0,0,0
S100,bengaltiger,bruin,1,1,1,0,0,0
S100,sugarglider,bat,1,1,1,0,0,0
S100,goose,ostrich,1,1,0,0,0,0
S100,dragonfly,butterfly,1,1,1,0,0,0
S100,iguana,gecko,1,1,0,0,0,0
S100,eagle,salmon,1,1,0,0,0,0
S100,bee,hornet,1,1,1,0,0,0
S100,rooster,raven,1,1,0,0,0,0
S100,sabertoothedtiger,rat,1,1,1,0,0,0
S100,nightingale,owl,1,1,1,0,0,0
S100,hawk,condor,1,1,1,0,0,0
S100,bat,bunny,1,1,0,0,0,0
S100,wildebeest,hog,1,1,1,0,0,0
S100,cockatoo,conure,1,1,1,0,0,0
S100,piranha,ferret,1,1,1,0,0,0
S100,skunk,marmot,1,1,1,0,0,0
S100,redpanda,panda,1,1,1,1,1,0
S100,wolverine,gerbil,1,1,0,0,0,0
S100,chicken,hen,1,1,0,0,0,0
S100,bonobo,orangutan,1,1,0,0,0,0
S100,turtle,ram,1,0,0,0,0,0
S100,giraffe,mongoose,1,0,0,0,0,0
S100,swordfish,seal,1,1,0,0,0,0
S100,mussel,fish,1,1,1,0,0,0
S100,hyena,swan,1,0,0,0,0,0
S100,spider,tarantula,1,0,0,0,0,0
S100,grizzlybear,tiger,1,0,0,0,0,0
S100,shrew,emu,1,1,1,0,0,0
S100,spider,centipede,1,1,0,0,0,0
S100,panda,grizzlybear,1,1,1,1,0,0
S100,nakedmolerat,lemur,1,1,1,0,0,0
S100,shark,ox,1,1,0,0,0,0
S100,lemur,starfish,1,1,0,0,0,0
S100,rhinoceros,cattle,1,1,1,0,0,0
S100,panda,sloth,1,1,0,0,0,0
S100,piranha,clam,1,1,1,0,0,0
S100,anteater,sloth,1,1,1,0,0,0
S100,cougar,leopard,1,1,1,0,0,0
S100,elk,deer,1,1,1,1,1,1
S100,clownfish,owl,1,1,1,0,0,0
S100,grasshopper,honeybadger,1,1,1,0,0,0
S100,fox,toucan,1,0,0,0,0,0
S100,puma,gorilla,1,0,0,0,0,0
S100,dinosaur,lizard,1,1,1,0,0,0
S100,wolf,millipede,1,1,1,0,0,0
S100,anteater,llama,1,1,0,0,0,0
S100,muskrat,otter,1,1,0,0,0,0
S100,kitten,crow,1,0,0,0,0,0
S100,stingray,shrimp,1,0,0,0,0,0
S100,tuna,salmon,1,1,1,1,0,0
S100,salamander,emu,1,1,1,0,0,0
S100,sparrow,falcon,1,1,0,0,0,0
S100,koala,tortoise,1,1,0,0,0,0
S100,dragon,rabbit,1,1,0,0,0,0
S100,bass,redpanda,1,1,1,0,0,0
S100,iguana,sparrow,1,1,0,0,0,0
S100,lamb,cow,1,0,0,0,0,0
S100,ibis,donkey,1,1,1,0,0,0
S100,ewe,whale,1,1,1,0,0,0
S100,rhinoceros,salamander,1,0,0,0,0,0
S100,woodchuck,duck,1,1,1,0,0,0
S100,mountainlion,lynx,1,1,1,0,0,0
S100,pigeon,bluejay,1,0,0,0,0,0
S100,shark,carp,1,1,0,0,0,0
S100,lemur,chimpanzee,1,0,0,0,0,0
S100,lamb,ape,1,0,0,0,0,0
S100,jellyfish,mussel,1,1,1,0,0,0
S100,cheetah,puma,1,1,1,1,1,0
S100,ocelot,elephant,1,1,1,0,0,0
S100,muskrat,ermine,1,1,1,0,0,0
S100,cobra,manx,1,1,1,0,0,0
S100,hare,chimpanzee,1,1,0,0,0,0
S100,boar,swan,1,1,1,0,0,0
S100,mountainlion,jaguar,1,1,0,0,0,0
S100,kitten,lion,1,0,0,0,0,0
S100,beetle,ant,1,1,1,1,0,0
S100,parakeet,caribou,1,1,1,0,0,0
S100,iguana,beardeddragon,1,1,1,0,0,0
S100,fly,tick,1,1,1,0,0,0
S100,boaconstrictor,iguana,1,1,1,0,0,0
S100,skunk,camel,1,0,0,0,0,0
S100,cardinal,lion,1,0,0,0,0,0
S100,pika,bandicoot,1,1,1,0,0,0
S100,camel,alpaca,1,1,1,1,0,0
S100,otter,ermine,1,1,0,0,0,0
S100,goose,capybara,1,1,0,0,0,0
S100,hummingbird,armadillo,1,1,0,0,0,0
S100,wolverine,deer,1,0,0,0,0,0
S100,lizard,mongoose,1,1,0,0,0,0
S100,goat,walrus,1,1,0,0,0,0
S100,peacock,cheetah,1,0,0,0,0,0
S100,lemur,ostrich,1,0,0,0,0,0
S100,chihuahua,penguin,1,1,0,0,0,0
S100,boar,human,1,1,1,0,0,0
S100,anteater,aardvark,1,1,1,1,1,0
S100,woodchuck,beaver,1,1,0,0,0,0
S100,xerus,yak,1,1,1,0,0,0
S100,snake,mole,1,0,0,0,0,0
S100,wolverine,ermine,1,1,1,0,0,0
S100,echidna,ostrich,1,1,1,0,0,0
S100,hippopotamus,puma,1,0,0,0,0,0
S100,shark,piranha,1,0,0,0,0,0
S100,bobcat,lynx,1,1,1,0,0,0
S100,crow,tuna,1,1,1,0,0,0
S100,chameleon,salamander,1,1,0,0,0,0
S100,crow,magpie,1,1,1,1,0,0
S100,beetle,groundhog,1,1,1,1,0,0
S100,dolphin,clam,1,1,0,0,0,0
S100,whaleshark,octopus,1,1,1,0,0,0
S100,guineapig,piranha,1,1,0,0,0,0
S100,chimpanzee,gorilla,1,1,1,1,1,1
S100,crow,woodpecker,1,1,1,0,0,0
S100,antelope,bison,1,0,0,0,0,0
S100,ray,eel,1,1,1,0,0,0
S100,panda,boar,1,0,0,0,0,0
S100,snail,fox,1,0,0,0,0,0
S100,peacock,polarbear,1,1,1,1,0,0
S100,crocodile,salamander,1,0,0,0,0,0
S100,mantis,millipede,1,1,1,0,0,0
S100,shark,starfish,1,1,1,1,1,0
S100,bull,swan,1,0,0,0,0,0
S100,flamingo,meerkat,1,0,0,0,0,0
S100,komododragon,dove,1,1,1,0,0,0
S100,bull,worm,1,1,0,0,0,0
S100,bass,mouse,1,1,1,0,0,0
S100,llama,moose,1,1,0,0,0,0
S100,goldfish,cat,1,0,0,0,0,0
S100,bobcat,panther,1,0,0,0,0,0
S100,mongoose,wolf,1,1,0,0,0,0
S100,mosquito,trout,1,1,1,0,0,0
S100,panda,bear,1,0,0,0,0,0
S100,tapir,oxen,1,1,1,0,0,0
S100,liger,tiger,1,1,1,0,0,0
S100,mink,fox,1,0,0,0,0,0
S100,hamster,chinchilla,1,1,1,1,0,0
S100,coyote,dingo,1,1,0,0,0,0
S100,goby,whale,1,1,1,0,0,0
S100,bengaltiger,polarbear,1,1,0,0,0,0
S100,elk,gecko,1,0,0,0,0,0
S100,otter,sloth,1,0,0,0,0,0
S100,dolphin,catfish,1,1,1,0,0,0
S100,bluejay,rabbit,1,0,0,0,0,0
S100,leopard,panther,1,1,1,0,0,0
S100,carpetbeetle,assassinbug,1,1,1,0,0,0
S100,komododragon,eagle,1,0,0,0,0,0
S100,warthog,pig,1,0,0,0,0,0
S100,beetle,mosquito,1,0,0,0,0,0
S100,sealion,otter,1,0,0,0,0,0
S100,chameleon,lizard,1,1,0,0,0,0
S100,sheep,eel,1,0,0,0,0,0
S100,coyote,porcupine,1,0,0,0,0,0
S100,goose,turkey,1,1,1,1,0,0
S100,parrot,bluebird,1,1,0,0,0,0
S100,otter,seal,1,1,0,0,0,0
S100,beetle,worm,1,0,0,0,0,0
S100,cottonmouth,quail,1,1,1,0,0,0
S100,oyster,clam,1,1,1,0,0,0
S100,mink,lynx,1,0,0,0,0,0
S100,dingo,lemur,1,1,0,0,0,0
S100,anteater,weevil,1,1,1,0,0,0
S100,spider,wasp,1,0,0,0,0,0
S100,treefrog,quail,1,1,1,0,0,0
S100,crocodile,hummingbird,1,1,0,0,0,0
S100,grasshopper,firefly,1,1,1,0,0,0
S100,macaw,flamingo,1,1,1,0,0,0
S100,shark,muskrat,1,1,1,0,0,0
S100,grasshopper,tarantula,1,1,1,0,0,0
S100,kangaroo,jackal,1,1,1,0,0,0
S100,redpanda,opossum,1,1,0,0,0,0
S100,seal,squid,1,0,0,0,0,0
S100,warthog,vulture,1,1,1,0,0,0
S100,clownfish,pufferfish,1,1,1,0,0,0
S100,koala,gecko,1,0,0,0,0,0
S100,komododragon,lizard,1,1,0,0,0,0
S100,ferret,hamster,1,1,1,1,1,1
S100,llama,sheep,1,0,0,0,0,0
S100,bear,barracuda,1,1,0,0,0,0
S100,blackbear,rattlesnake,1,1,1,1,0,0
S100,wolverine,squirrel,1,1,0,0,0,0
S100,cheetah,starfish,1,0,0,0,0,0
S100,skunk,sparrow,1,0,0,0,0,0
S100,antelope,gazelle,1,1,1,0,0,0
S100,cod,shrimp,1,1,1,0,0,0
S100,puma,duck,1,0,0,0,0,0
S100,raven,gerbil,1,1,0,0,0,0
S100,spider,slug,1,1,0,0,0,0
S100,jellyfish,mantaray,1,1,1,1,0,0
S100,cockatoo,chicken,1,1,0,0,0,0
S100,manatee,stingray,1,1,0,0,0,0
S100,lemur,armadillo,1,0,0,0,0,0
S100,tuna,eel,1,1,1,0,0,0
S100,goat,wallaby,1,0,0,0,0,0
S100,zebra,liger,1,1,1,0,0,0
S100,panda,cougar,1,0,0,0,0,0
S100,jellyfish,shrimp,1,1,1,0,0,0
S100,squirrel,raccoon,1,1,0,0,0,0
S100,grasshopper,sloth,1,1,0,0,0,0
S100,ibis,deer,1,1,1,0,0,0
S100,sparrow,robin,1,1,1,0,0,0
S100,salamander,moth,1,1,0,0,0,0
S100,mountainlion,bear,1,1,0,0,0,0
S100,gopher,rabbit,1,1,1,0,0,0
S100,yak,ox,1,1,1,0,0,0
S100,monitor,salamander,1,1,1,1,0,0
S100,pteordactyl,duck,1,1,1,0,0,0
S100,wallaby,rabbit,1,0,0,0,0,0
S100,eagle,mockingbird,1,1,1,0,0,0
S100,flamingo,wombat,1,1,1,0,0,0
S100,wildebeest,penguin,1,1,0,0,0,0
S100,peacock,goat,1,0,0,0,0,0
S100,elephant,shrew,1,0,0,0,0,0
S100,yak,tiger,1,1,1,0,0,0
S100,hedgehog,armadillo,1,1,1,0,0,0
S100,mink,leopard,1,0,0,0,0,0
S100,ferret,raccoon,1,0,0,0,0,0
S100,goldfish,bass,1,1,1,0,0,0
S100,humpbackwhale,whale,1,1,0,0,0,0
S100,crow,hen,1,1,0,0,0,0
S100,bessbug,ladybug,1,1,1,0,0,0
S100,flamingo,owl,1,0,0,0,0,0
S100,muskrat,duck,1,1,1,0,0,0
S100,macaw,penguin,1,1,1,0,0,0
S100,mink,ermine,1,1,1,1,0,0
S100,llama,camel,1,1,1,1,0,0
S100,whaleshark,monkey,1,1,1,0,0,0
S100,cougar,tiger,1,0,0,0,0,0
S100,dolphin,manatee,1,1,1,1,1,0
S100,bird,fish,1,0,0,0,0,0
S100,cobra,rattlesnake,1,1,0,0,0,0
S100,otter,wallaby,1,0,0,0,0,0
S100,squirrel,jackal,1,1,0,0,0,0
S100,ant,boar,1,1,1,0,0,0
S100,cardinal,hawk,1,1,0,0,0,0
S100,sparrow,raven,1,1,1,0,0,0
S100,bluebird,cat,1,0,0,0,0,0
S100,orangutan,hummingbird,1,1,0,0,0,0
S100,starfish,ant,1,1,0,0,0,0
S100,lizard,rattlesnake,1,0,0,0,0,0
S100,bobcat,cougar,1,1,0,0,0,0
S100,goose,flamingo,1,0,0,0,0,0
S100,panda,bengaltiger,1,1,1,0,0,0
S100,lion,panther,1,0,0,0,0,0
S100,python,mouse,1,0,0,0,0,0
S100,hedgehog,butterfly,1,1,1,0,0,0
S100,kitten,giraffe,1,0,0,0,0,0
S100,bison,ox,1,1,1,1,0,0
S100,lizard,human,1,1,1,0,0,0
S100,baboon,meerkat,1,1,1,0,0,0
S100,wildebeest,elephant,1,1,0,0,0,0
S100,whale,mussel,1,1,1,0,0,0
S100,skunk,porcupine,1,1,1,1,0,0
S100,hyena,jaguar,1,1,0,0,0,0
S100,sealion,alligator,1,0,0,0,0,0
S100,crow,finch,1,0,0,0,0,0
S100,tyrannosaurusrex,pteordactyl,1,1,1,0,0,0
S100,pelican,flamingo,1,0,0,0,0,0
S100,ant,bat,1,0,0,0,0,0
S100,bee,buffalo,1,1,0,0,0,0
S100,bluejay,chipmunk,1,1,1,0,0,0
S100,seagull,pelican,1,1,0,0,0,0
S100,wasp,toad,1,1,1,0,0,0
S100,eagle,falcon,1,1,1,0,0,0
S100,butterfly,koi,1,1,1,0,0,0
S100,starfish,fish,1,1,1,0,0,0
S100,bulldog,wildcat,1,1,1,0,0,0
S100,panther,falcon,1,1,1,0,0,0
S100,ibis,adder,1,1,1,0,0,0
S100,anteater,moth,1,1,1,0,0,0
S100,prairiedog,reindeer,1,1,1,0,0,0
S100,guineapig,boar,1,1,0,0,0,0
S100,koala,kangaroo,1,1,1,1,1,1
S100,bird,sloth,1,0,0,0,0,0
S100,mussel,clam,1,1,1,0,0,0
S100,sheep,mule,1,1,0,0,0,0
S100,gazelle,elk,1,0,0,0,0,0
S100,panda,ape,1,0,0,0,0,0
S100,cardinal,eagle,1,1,1,1,0,0
S100,rat,dormouse,1,1,1,0,0,0
S100,swan,crane,1,1,1,0,0,0
S100,vole,mole,1,1,1,0,0,0
S100,spidermonkey,gorilla,1,1,0,0,0,0
S100,scorpion,marmot,1,1,1,0,0,0
S100,duckling,swan,1,1,1,0,0,0
S100,wolverine,mink,1,1,1,0,0,0
S100,lemur,parakeet,1,0,0,0,0,0
S100,rhinoceros,capybara,1,1,0,0,0,0
S100,chipmunk,badger,1,0,0,0,0,0
S100,pony,donkey,1,1,0,0,0,0
S100,shark,whale,1,1,1,1,1,1
S100,dingo,wasp,1,1,1,0,0,0
S100,prairiedog,cougar,1,0,0,0,0,0
S100,baboon,lizard,1,1,1,0,0,0
S100,monitor,pig,1,1,0,0,0,0
S100,treefrog,gecko,1,1,1,0,0,0
S100,salamander,gecko,1,1,1,1,0,0
S100,mink,moose,1,1,0,0,0,0
S100,panda,polarbear,1,1,0,0,0,0
S100,kinkajou,lemur,1,1,1,0,0,0
S100,seahorse,octopus,1,1,1,1,0,0
S100,crocodile,dingo,1,0,0,0,0,0
S100,otter,weasel,1,1,1,1,0,0
S100,squirrel,marmot,1,1,0,0,0,0
S100,anteater,ant,1,1,1,1,0,0
S100,lamb,frog,1,0,0,0,0,0
S100,fly,spider,1,0,0,0,0,0
S100,parrot,hamster,1,1,0,0,0,0
S100,polarbear,penguin,1,1,1,0,0,0
S100,hog,snake,1,0,0,0,0,0
S100,bat,mole,1,0,0,0,0,0
S100,elephant,rattlesnake,1,0,0,0,0,0
S100,bass,clownfish,1,1,1,0,0,0
S100,opossum,fox,1,1,0,0,0,0
S100,badger,fisher,1,1,1,0,0,0
S100,anteater,dove,1,1,1,0,0,0
S100,sealion,starfish,1,1,1,0,0,0
S100,pony,gazelle,1,1,1,0,0,0
S100,swallow,rabbit,1,1,1,1,0,0
S100,eel,worm,1,0,0,0,0,0
S100,wolverine,raccoon,1,1,0,0,0,0
S100,baboon,pig,1,0,0,0,0,0
S100,coyote,fox,1,1,0,0,0,0
S100,mockingbird,bandicoot,1,1,1,0,0,0
S100,narwhal,otter,1,1,0,0,0,0
S100,wasp,squirrel,1,1,0,0,0,0
S100,beardeddragon,gecko,1,1,1,0,0,0
S100,bee,sparrow,1,1,0,0,0,0
S100,kitten,gorilla,1,0,0,0,0,0
S100,grasshopper,cricket,1,1,0,0,0,0
S100,arcticfox,fox,1,1,1,0,0,0
S100,turkey,axolotl,1,1,1,0,0,0
S100,pony,koala,1,1,0,0,0,0
S100,salamander,frog,1,1,0,0,0,0
S100,kangaroo,reindeer,1,1,0,0,0,0
S100,mink,bear,1,0,0,0,0,0
S100,bulldog,alpaca,1,1,1,0,0,0
S100,pony,panda,1,0,0,0,0,0
S100,fly,mosquito,1,1,1,1,0,0
S100,turtle,frog,1,1,1,0,0,0
S100,bat,bird,1,1,0,0,0,0
S100,lemur,marlin,1,1,1,0,0,0
S100,sparrow,hummingbird,1,1,1,0,0,0
S100,bird,boar,1,0,0,0,0,0
S100,sunbear,polarbear,1,1,1,0,0,0
S100,donkey,mule,1,1,1,1,1,1
S100,squid,tick,1,1,1,0,0,0
S100,hawk,eagle,1,1,1,1,1,0
S100,lobster,fish,1,0,0,0,0,0
S100,goose,duck,1,1,1,1,1,1
S100,snail,worm,1,0,0,0,0,0
S100,shark,canary,1,0,0,0,0,0
S100,hedgehog,porcupine,1,1,1,0,0,0
S100,aardvark,buffalo,1,0,0,0,0,0
S100,bessbug,spider,1,1,1,0,0,0
S100,salmon,alligator,1,0,0,0,0,0
S100,grasshopper,turtle,1,0,0,0,0,0
S100,axolotl,rabbit,1,1,1,0,0,0
S100,egret,heron,1,1,1,0,0,0
S100,baboon,gerbil,1,1,0,0,0,0
S100,pigeon,aardvark,1,0,0,0,0,0
S100,ferret,lynx,1,1,0,0,0,0
S100,canary,monkey,1,0,0,0,0,0
S100,mantis,cicada,1,1,1,0,0,0
S100,bonobo,monkey,1,1,1,0,0,0
S100,peacock,gorilla,1,0,0,0,0,0
S100,peccary,howlermonkey,1,1,1,0,0,0
S100,moose,chinchilla,1,0,0,0,0,0
S100,ewe,human,1,1,1,0,0,0
S100,wolverine,otter,1,0,0,0,0,0
S100,parrot,assassinbug,1,1,1,0,0,0
S100,sandshark,hammerheadshark,1,1,1,0,0,0
S100,monkey,chimpanzee,1,1,1,1,1,0
S100,weasel,fox,1,0,0,0,0,0
S100,fly,firefly,1,1,0,0,0,0
S100,tortoise,beaver,1,0,0,0,0,0
S100,mink,lion,1,0,0,0,0,0
S100,capybara,pig,1,0,0,0,0,0
S100,seahorse,horse,1,1,0,0,0,0
S100,bee,cricket,1,1,1,0,0,0
S100,wasp,bee,1,1,1,1,0,0
S100,skunk,raccoon,1,1,1,1,1,0
S100,wasp,moth,1,1,1,0,0,0
S100,koala,eel,1,0,0,0,0,0
S100,fawn,bird,1,1,0,0,0,0
S100,redpanda,fox,1,1,1,0,0,0
S100,starfish,lobster,1,1,0,0,0,0
S100,pheasant,pigeon,1,1,0,0,0,0
S100,bluejay,bluebird,1,1,0,0,0,0
S100,redpanda,turkey,1,1,1,0,0,0
S100,wildcat,walrus,1,1,1,0,0,0
S100,ibex,ox,1,1,1,0,0,0
S100,tasmaniandevil,kinkajou,1,1,1,0,0,0
S100,horse,yak,1,1,0,0,0,0
S100,bluejay,raven,1,1,0,0,0,0
S100,eagle,robin,1,0,0,0,0,0
S100,elephant,dodo,1,1,0,0,0,0
S100,dragon,frog,1,1,1,0,0,0
S100,dinosaur,chimpanzee,1,1,1,0,0,0
S100,fish,gecko,1,1,0,0,0,0
S100,marmoset,gorilla,1,1,1,1,0,0
S100,fly,bee,1,1,0,0,0,0
S100,eagle,finch,1,0,0,0,0,0
S100,serval,chimpanzee,1,1,1,0,0,0
S100,mink,chinchilla,1,1,1,0,0,0
S100,sheep,cow,1,1,1,1,1,1
S100,weasel,marmot,1,1,1,0,0,0
S100,rhinoceros,bison,1,1,1,1,0,0
S100,mountainlion,sheep,1,1,0,0,0,0
S100,bunny,rabbit,1,1,0,0,0,0
S100,rattlesnake,armadillo,1,1,1,0,0,0
S100,butterfly,moth,1,1,1,1,0,0
S100,boar,meerkat,1,1,1,0,0,0
S100,orangutan,raven,1,1,0,0,0,0
S100,slug,fish,1,1,1,0,0,0
S100,bluejay,badger,1,0,0,0,0,0
S100,puma,leopard,1,0,0,0,0,0
S100,goat,sheep,1,1,1,1,1,1
S100,chowchow,wolf,1,1,1,0,0,0
S100,emu,sloth,1,0,0,0,0,0
S100,lamb,bluejay,1,1,1,0,0,0
S100,lion,quail,1,0,0,0,0,0
S100,seagull,whale,1,0,0,0,0,0
S100,woodchuck,badger,1,1,1,0,0,0
S100,crow,duck,1,0,0,0,0,0
S100,fly,ant,1,0,0,0,0,0
S100,skunk,tortoise,1,1,1,0,0,0
S100,beluga,bluewhale,1,1,1,0,0,0
S100,swordfish,bull,1,1,0,0,0,0
S100,platypus,chipmunk,1,1,0,0,0,0
S100,panther,flamingo,1,0,0,0,0,0
S100,bull,buffalo,1,1,0,0,0,0
S100,fawn,ferret,1,1,1,0,0,0
S100,emu,ox,1,0,0,0,0,0
S100,sparrow,beaver,1,0,0,0,0,0
S100,badger,fox,1,0,0,0,0,0
S100,beaver,owl,1,1,0,0,0,0
S100,zebra,cuttlefish,1,1,0,0,0,0
S100,ferret,vole,1,1,0,0,0,0
S100,ant,polarbear,1,1,1,0,0,0
S100,shark,ray,1,1,0,0,0,0
S100,chameleon,ferret,1,1,1,0,0,0
S100,platypus,guineapig,1,1,0,0,0,0
S100,minnow,parrot,1,1,1,0,0,0
S100,capybara,wombat,1,1,0,0,0,0
S100,orangutan,panther,1,0,0,0,0,0
S100,possum,duck,1,0,0,0,0,0
S100,komododragon,rattlesnake,1,1,0,0,0,0
S100,muskrat,mouse,1,1,0,0,0,0
S100,rhinoceros,hippopotamus,1,1,1,1,1,1
S100,porcupine,bear,1,0,0,0,0,0
S100,aardvark,armadillo,1,1,1,1,0,0
S100,koi,ape,1,1,1,0,0,0
S100,terrier,stingray,1,1,1,0,0,0
S100,greatwhiteshark,hammerheadshark,1,1,1,0,0,0
S100,jaguar,leopard,1,1,0,0,0,0
S100,cow,duck,1,1,1,1,1,1
S100,wildcat,falcon,1,1,1,0,0,0
S100,panther,lynx,1,1,0,0,0,0
S100,grasshopper,spider,1,1,0,0,0,0
S100,fly,blackbear,1,1,0,0,0,0
S100,rat,bunny,1,0,0,0,0,0
S100,prairiedog,lynx,1,1,1,0,0,0
S100,bear,armadillo,1,0,0,0,0,0
S100,clownfish,manatee,1,1,0,0,0,0
S100,brownbear,walrus,1,1,1,0,0,0
S100,rooster,hen,1,1,0,0,0,0
S100,shark,octopus,1,0,0,0,0,0
S100,platypus,porcupine,1,1,0,0,0,0
S100,echidna,marmoset,1,1,1,0,0,0
S100,echidna,platypus,1,1,1,0,0,0
S100,kangaroo,sloth,1,0,0,0,0,0
S100,poodle,maltese,1,1,1,0,0,0
S100,kinkajou,parakeet,1,1,1,0,0,0
S100,bear,deer,1,0,0,0,0,0
S100,jackrabbit,zebra,1,1,1,0,0,0
S100,parrot,duck,1,0,0,0,0,0
S100,chipmunk,squirrel,1,1,1,1,1,1
S100,echidna,kangaroo,1,1,1,0,0,0
S100,spider,humpbackwhale,1,1,0,0,0,0
S100,otter,beaver,1,1,1,0,0,0
S100,bluewhale,ape,1,1,0,0,0,0
S100,hare,rabbit,1,0,0,0,0,0
S100,wolverine,hyena,1,0,0,0,0,0
S100,swordfish,squid,1,0,0,0,0,0
S100,hare,bunny,1,1,1,0,0,0
S100,pelican,meerkat,1,1,0,0,0,0
S100,turtle,gecko,1,0,0,0,0,0
S100,bonobo,octopus,1,1,0,0,0,0
S100,butterfly,puppy,1,1,1,0,0,0
S100,woodpecker,mockingbird,1,1,1,0,0,0
S100,lamb,ostrich,1,1,1,0,0,0
S100,dolphin,bluewhale,1,0,0,0,0,0
S100,hummingbird,rabbit,1,0,0,0,0,0
S100,salmon,anchovy,1,1,1,0,0,0
S100,salmon,cod,1,1,1,0,0,0
S100,squid,eel,1,1,1,0,0,0
S100,cheetah,oxen,1,1,1,0,0,0
S100,elk,ox,1,0,0,0,0,0
S100,bullfrog,toad,1,1,1,0,0,0
S100,coyote,salamander,1,1,0,0,0,0
S100,coyote,wolf,1,1,1,1,1,1
S100,whale,dormouse,1,1,1,0,0,0
S100,seagull,parrot,1,0,0,0,0,0
S100,adder,viper,1,1,1,0,0,0
S100,anaconda,ibis,1,1,1,0,0,0
S100,beetle,bunny,1,1,1,0,0,0
S100,brownbear,fox,1,1,0,0,0,0
S100,turtle,conure,1,1,1,0,0,0
S100,orangutan,ape,1,1,1,1,1,0
S100,treefrog,toad,1,1,0,0,0,0
S100,gerbil,fish,1,1,0,0,0,0
S100,komododragon,stork,1,1,1,0,0,0
S100,eagle,woodchuck,1,1,0,0,0,0
S100,baboon,leopard,1,1,0,0,0,0
S100,fawn,isopod,1,1,1,0,0,0
S100,prairiedog,alligator,1,1,0,0,0,0
S100,clam,fox,1,1,1,0,0,0
S100,bobcat,fox,1,1,1,0,0,0
S100,ostrich,owl,1,1,1,0,0,0
S100,rooster,gecko,1,1,0,0,0,0
S100,snake,lizard,1,1,1,1,1,1
S100,antelope,gorilla,1,0,0,0,0,0
S100,puma,finch,1,1,1,0,0,0
S100,brownbear,leopard,1,1,1,0,0,0
S100,bear,chinchilla,1,0,0,0,0,0
S100,ostrich,hen,1,0,0,0,0,0
S100,mule,bull,1,0,0,0,0,0
S100,dingo,emu,1,0,0,0,0,0
S100,crow,sparrow,1,0,0,0,0,0
S100,toucan,penguin,1,0,0,0,0,0
S100,orca,bluewhale,1,1,1,1,1,0
S100,orangutan,chimpanzee,1,1,0,0,0,0
S100,hummingbird,mongoose,1,1,0,0,0,0
S100,eagle,meerkat,1,0,0,0,0,0
S100,hummingbird,owl,1,1,0,0,0,0
S100,sloth,chimpanzee,1,1,0,0,0,0
S100,goat,ram,1,1,0,0,0,0
S100,camel,bandicoot,1,1,1,0,0,0
S100,cheetah,python,1,1,0,0,0,0
S100,cockroach,centipede,1,1,0,0,0,0
S100,cheetah,panther,1,1,1,1,1,1
S100,seagull,squirrel,1,0,0,0,0,0
S100,dinosaur,leopard,1,1,0,0,0,0
S100,shark,manatee,1,0,0,0,0,0
S100,bonobo,lemur,1,1,1,0,0,0
S100,ferret,mole,1,0,0,0,0,0
S100,spider,gazelle,1,0,0,0,0,0
S100,tapir,beaver,1,1,0,0,0,0
S100,turkey,rooster,1,1,0,0,0,0
S100,seagull,blowfish,1,1,1,0,0,0
S100,fawn,gorilla,1,0,0,0,0,0
S100,hippopotamus,wallaby,1,0,0,0,0,0
S100,cat,greatwhiteshark,1,1,1,0,0,0
S100,wolverine,panther,1,0,0,0,0,0
S100,butterfly,tarantula,1,0,0,0,0,0
S100,prairiedog,ostrich,1,0,0,0,0,0
S100,turtle,tortoise,1,1,1,1,1,0
S100,cassowary,alpaca,1,1,0,0,0,0
S100,guineapig,lobster,1,1,1,1,0,0
S100,hippopotamus,alligator,1,1,0,0,0,0
S100,ostrich,flamingo,1,1,0,0,0,0
S100,kingcobra,bee,1,1,1,0,0,0
S100,spider,crab,1,0,0,0,0,0
S100,giraffe,bunny,1,0,0,0,0,0
S100,puma,wolf,1,0,0,0,0,0
S100,mule,aardvark,1,1,0,0,0,0
S100,mink,buffalo,1,1,1,0,0,0
S100,squirrel,finch,1,0,0,0,0,0
S100,toucan,finch,1,1,1,0,0,0
S100,ostrich,puma,1,0,0,0,0,0
S100,shark,salmon,1,0,0,0,0,0
S100,butterfly,crab,1,0,0,0,0,0
S100,shrew,hen,1,1,1,0,0,0
S100,sloth,worm,1,0,0,0,0,0
S100,ewe,elk,1,1,1,0,0,0
S100,vulture,fish,1,1,0,0,0,0
S100,raccoon,lobster,1,0,0,0,0,0
S100,sealion,whale,1,0,0,0,0,0
S100,bee,cottonmouth,1,1,1,0,0,0
S100,bird,vulture,1,1,0,0,0,0
S100,dove,eagle,1,0,0,0,0,0
S100,toad,worm,1,0,0,0,0,0
S100,tasmaniandevil,gecko,1,1,1,0,0,0
S100,spidermonkey,parrot,1,1,0,0,0,0
S100,boaconstrictor,anteater,1,1,0,0,0,0
S100,tarantula,fox,1,1,1,0,0,0
S100,bonobo,macaque,1,1,1,0,0,0
S100,ibis,seagull,1,1,1,0,0,0
S100,seahorse,starfish,1,1,1,1,0,0
S100,gopher,fisher,1,1,1,0,0,0
S100,seahorse,chipmunk,1,1,1,0,0,0
S100,treefrog,blueheron,1,1,1,0,0,0
S100,ferret,parakeet,1,0,0,0,0,0
S100,chinchilla,gecko,1,1,0,0,0,0
S100,jellyfish,seahorse,1,1,1,1,1,0
S100,vole,swan,1,1,1,0,0,0
S100,bluejay,oriole,1,1,1,0,0,0
S100,dolphin,ram,1,0,0,0,0,0
S100,kitten,mouse,1,1,0,0,0,0
S100,goldfish,parrot,1,0,0,0,0,0
S100,frog,toad,1,1,1,1,1,0
S100,dingo,wolf,1,0,0,0,0,0
S100,lizard,gecko,1,1,1,1,1,0
S100,cardinal,ostrich,1,0,0,0,0,0
S100,goat,mule,1,0,0,0,0,0
S100,ocelot,zebra,1,1,1,0,0,0
S100,dove,rat,1,0,0,0,0,0
S100,pelican,crab,1,0,0,0,0,0
S100,sparrow,marlin,1,1,0,0,0,0
S100,ferret,gerbil,1,1,0,0,0,0
S100,possum,otter,1,0,0,0,0,0
S100,platypus,seal,1,0,0,0,0,0
S100,tyrannosaurusrex,velociraptor,1,1,1,0,0,0
S100,wolverine,wombat,1,1,0,0,0,0
S100,crow,robin,1,1,1,1,0,0
S100,coyote,armadillo,1,0,0,0,0,0
S100,anteater,kangaroo,1,0,0,0,0,0
S100,hippopotamus,walrus,1,0,0,0,0,0
S100,parrot,mole,1,0,0,0,0,0
S100,hare,woodchuck,1,1,1,0,0,0
S100,goat,bunny,1,1,0,0,0,0
S100,seagull,spider,1,1,0,0,0,0
S100,pony,raptor,1,1,1,0,0,0
S100,groundhog,beaver,1,1,1,1,0,0
S100,spider,scorpion,1,1,1,0,0,0
S100,brownbear,reindeer,1,1,1,0,0,0
S100,kingcobra,stingray,1,1,1,0,0,0
S100,yak,buffalo,1,1,1,0,0,0
S100,bear,chowchow,1,1,1,0,0,0
S100,koala,chimpanzee,1,0,0,0,0,0
S100,sealion,seal,1,1,1,1,1,0
S100,spider,cricket,1,0,0,0,0,0
S100,orca,manatee,1,1,0,0,0,0
S100,dolphin,chihuahua,1,1,0,0,0,0
S100,pelican,lizard,1,0,0,0,0,0
S100,oriole,raven,1,1,1,0,0,0
S100,catfish,shrimp,1,1,1,0,0,0
S100,llama,worm,1,1,0,0,0,0
S100,snake,ladybug,1,1,0,0,0,0
S100,baboon,hamster,1,1,1,1,0,0
S100,bonobo,marmoset,1,1,1,0,0,0
S100,scottishshetland,germanshepherd,1,1,1,0,0,0
S100,cobra,panther,1,1,0,0,0,0
S100,lamb,pig,1,1,0,0,0,0
S100,parrot,sloth,1,0,0,0,0,0
S100,aardvark,raccoon,1,0,0,0,0,0
S100,bat,quail,1,0,0,0,0,0
S100,persian,pitbull,1,1,1,0,0,0
S100,spermwhale,hare,1,1,1,0,0,0
S100,dinosaur,octopus,1,1,1,0,0,0
S100,starfish,octopus,1,1,0,0,0,0
S100,clownfish,greatwhiteshark,1,1,1,0,0,0
S100,cockatoo,lion,1,1,0,0,0,0
S100,piranha,squid,1,1,1,1,0,0
S100,skunk,parakeet,1,1,0,0,0,0
S100,butterfly,beaver,1,0,0,0,0,0
S100,wildebeest,fox,1,0,0,0,0,0
S100,seahorse,fish,1,0,0,0,0,0
S100,kingcobra,rattlesnake,1,1,1,0,0,0
S100,possum,raccoon,1,1,1,1,1,0
S100,marlin,seacucumber,1,1,1,0,0,0
S100,antelope,wolverine,1,1,0,0,0,0
S100,turtle,gnat,1,1,0,0,0,0
S100,cockroach,ant,1,1,1,0,0,0
S100,peacock,vulture,1,1,1,0,0,0
S100,komododragon,dodo,1,1,0,0,0,0
S100,pheasant,monkey,1,1,0,0,0,0
S100,moose,elk,1,1,1,1,1,1
S100,snake,hummingbird,1,0,0,0,0,0
S100,ostrich,salmon,1,0,0,0,0,0
S100,fly,gnat,1,1,0,0,0,0
S100,crow,canary,1,0,0,0,0,0
S100,pelican,gull,1,1,1,0,0,0
S100,cardinal,bluejay,1,1,1,1,1,0
S100,iguana,horse,1,0,0,0,0,0
S100,goldenretriever,mosquito,1,1,1,0,0,0
S100,horse,wallaby,1,0,0,0,0,0
